instance,traffic,run,feasibility,initial_cost,final_cost,elapsed_s,max_truck_time,max_drone_time,num_trucks_active,num_drones_active,drone_customers
200.10.1,heavy,1,yes,11150.53,5425.19,1642.6,5425.19,5423.09,6,4,77
200.10.1,heavy,2,yes,11150.53,5585.86,1611.8,5585.86,5574.47,6,4,82
200.10.1,heavy,3,yes,11150.53,5580.46,1446.0,5580.46,5571.44,6,4,83
200.10.1,heavy,4,yes,11150.53,5625.03,1634.7,5625.03,5625.01,6,4,85
200.10.1,heavy,5,yes,11150.53,5602.43,1611.7,5602.43,5598.57,6,4,80
200.10.1,light,1,yes,7550.20,4008.08,1877.4,4008.08,3992.00,6,4,68
200.10.1,light,2,yes,7550.20,4071.83,1868.6,4071.83,4055.47,6,4,69
200.10.1,light,3,yes,7550.20,4064.49,1870.6,4064.49,4063.97,6,4,61
200.10.1,light,4,yes,7550.20,4043.59,1902.8,4042.56,4043.59,6,4,67
200.10.1,light,5,yes,7550.20,4058.34,1934.6,4058.34,4034.99,6,4,73
200.10.2,heavy,1,yes,10951.55,5785.93,1595.8,5785.93,5785.54,6,4,83
200.10.2,heavy,2,yes,10951.55,5706.12,1577.4,5706.12,5705.31,6,4,83
200.10.2,heavy,3,yes,10951.55,5754.46,1526.6,5754.46,5753.28,6,4,81
200.10.2,heavy,4,yes,10951.55,5731.21,1534.6,5731.21,5720.72,6,4,79
200.10.2,heavy,5,yes,10951.55,5663.88,1513.4,5660.91,5663.88,6,4,80
200.10.2,light,1,yes,7914.49,4119.03,1928.5,4119.03,4111.31,6,4,64
200.10.2,light,2,yes,7914.49,4188.30,1992.9,4188.30,4183.70,6,4,66
200.10.2,light,3,yes,7914.49,4186.05,1894.0,4186.05,4183.37,6,4,72
200.10.2,light,4,yes,7914.49,4086.72,1841.2,4086.72,4072.67,6,4,67
200.10.2,light,5,yes,7914.49,4117.74,1955.3,4117.74,4094.32,6,4,66
200.10.3,heavy,1,yes,10408.01,5231.79,1418.8,5215.88,5231.79,6,4,82
200.10.3,heavy,2,yes,10408.01,5289.77,1373.8,5289.77,5286.35,6,4,80
200.10.3,heavy,3,yes,10408.01,5235.21,1243.0,5235.21,5233.98,6,4,87
200.10.3,heavy,4,yes,10408.01,5222.81,1398.0,5222.81,5221.15,6,4,85
200.10.3,heavy,5,yes,10408.01,5433.67,1050.0,5433.67,5428.30,6,4,88
200.10.3,light,1,yes,8028.30,3554.80,1718.9,3554.80,3548.90,6,4,67
200.10.3,light,2,yes,8028.30,3598.55,1318.5,3587.82,3598.55,6,4,70
200.10.3,light,3,yes,8028.30,3629.45,1743.2,3629.45,3623.12,6,4,73
200.10.3,light,4,yes,8028.30,3504.85,1813.8,3504.85,3504.83,6,4,69
200.10.3,light,5,yes,8028.30,3531.76,1759.8,3531.76,3527.16,6,4,69
200.10.4,heavy,1,yes,11313.63,5200.01,1571.0,5199.59,5200.01,6,4,80
200.10.4,heavy,2,yes,11313.63,5438.66,1519.1,5438.66,5414.20,6,4,79
200.10.4,heavy,3,yes,11313.63,5522.68,1588.3,5522.68,5514.80,6,4,79
200.10.4,heavy,4,yes,11313.63,5357.75,1601.2,5357.75,5356.01,6,4,79
200.10.4,heavy,5,yes,11313.63,5417.21,1585.7,5417.21,5415.04,6,4,79
200.10.4,light,1,yes,7653.98,3934.98,1891.8,3934.98,3933.39,6,4,63
200.10.4,light,2,yes,7653.98,3849.41,1826.2,3849.41,3846.54,6,4,65
200.10.4,light,3,yes,7653.98,3885.05,1873.0,3885.05,3881.71,6,4,64
200.10.4,light,4,yes,7653.98,3924.10,1926.8,3924.10,3921.19,6,4,64
200.10.4,light,5,yes,7653.98,3835.98,1843.5,3835.98,3834.21,6,4,59
200.20.1,heavy,1,yes,23077.78,12575.94,1186.5,12575.94,12575.86,6,4,86
200.20.1,heavy,2,yes,23077.78,12690.32,1244.1,12690.32,12683.02,6,4,96
200.20.1,heavy,3,yes,23077.78,12776.25,1190.7,12776.25,12773.36,6,4,97
200.20.1,heavy,4,yes,23077.78,12652.26,1247.0,12652.26,12646.91,6,4,86
200.20.1,heavy,5,yes,23077.78,12593.89,1357.7,12593.89,12588.58,6,4,87
200.20.1,light,1,yes,16759.09,7950.96,1652.8,7950.96,7947.16,6,4,79
200.20.1,light,2,yes,16759.09,8100.70,1645.2,8100.70,8099.95,6,4,82
200.20.1,light,3,yes,16759.09,7933.30,1686.2,7933.30,7930.91,6,4,76
200.20.1,light,4,yes,16759.09,8011.08,1655.2,8011.08,8005.35,6,4,80
200.20.1,light,5,yes,16759.09,7912.71,1577.1,7912.68,7912.71,6,4,75
200.20.2,heavy,1,yes,22835.54,12131.27,1352.0,12131.27,12128.15,6,4,97
200.20.2,heavy,2,yes,22835.54,12285.60,1131.5,12285.60,12284.84,6,4,97
200.20.2,heavy,3,yes,22835.54,12093.93,1253.8,12093.93,12084.27,6,4,94
200.20.2,heavy,4,yes,22835.54,12121.72,1302.9,12121.72,12107.49,6,4,95
200.20.2,heavy,5,yes,22835.54,12115.91,1348.6,12115.91,12111.88,6,4,97
200.20.2,light,1,yes,17425.70,7663.07,1642.2,7663.07,7655.25,6,4,73
200.20.2,light,2,yes,17425.70,7554.01,1627.7,7554.01,7529.02,6,4,75
200.20.2,light,3,yes,17425.70,7751.63,1567.3,7741.62,7751.63,6,4,75
200.20.2,light,4,yes,17425.70,7914.75,1730.9,7914.75,7904.78,6,4,73
200.20.2,light,5,yes,17425.70,7711.92,1655.2,7711.92,7701.35,6,4,77
200.20.3,heavy,1,yes,23304.85,12443.68,1185.5,12443.68,12442.65,6,4,97
200.20.3,heavy,2,yes,23304.85,12113.15,1375.0,12113.15,12112.48,6,4,96
200.20.3,heavy,3,yes,23304.85,12415.34,1199.9,12415.34,12407.89,6,4,92
200.20.3,heavy,4,yes,23304.85,12043.57,1345.9,12043.57,12030.80,6,4,92
200.20.3,heavy,5,yes,23304.85,12042.87,1248.4,12042.87,12035.56,6,4,93
200.20.3,light,1,yes,17069.25,7768.68,1722.2,7764.13,7768.68,6,4,71
200.20.3,light,2,yes,17069.25,7684.65,1722.9,7684.65,7679.15,6,4,73
200.20.3,light,3,yes,17069.25,7861.53,1691.9,7861.53,7834.81,6,4,70
200.20.3,light,4,yes,17069.25,7817.65,1709.0,7817.65,7796.52,6,4,73
200.20.3,light,5,yes,17069.25,7694.81,1243.5,7694.81,7692.14,6,4,71
200.20.4,heavy,1,yes,22039.20,12232.37,1184.9,12232.37,12226.97,6,4,100
200.20.4,heavy,2,yes,22039.20,12245.07,1203.6,12244.59,12245.07,6,4,94
200.20.4,heavy,3,yes,22039.20,12353.42,1146.0,12353.42,12342.62,6,4,100
200.20.4,heavy,4,yes,22039.20,12272.50,1169.1,12272.50,12269.05,6,4,99
200.20.4,heavy,5,yes,22039.20,12310.34,1124.6,12310.34,12306.17,6,4,99
200.20.4,light,1,yes,17641.74,7555.12,1738.8,7555.12,7553.84,6,4,73
200.20.4,light,2,yes,17641.74,7635.61,1637.2,7635.61,7635.48,6,4,75
200.20.4,light,3,yes,17641.74,7630.95,1591.4,7630.95,7624.98,6,4,79
200.20.4,light,4,yes,17641.74,7524.32,1656.6,7524.32,7523.72,6,4,83
200.20.4,light,5,yes,17641.74,7541.90,1762.0,7541.90,7528.26,6,4,75
200.30.1,heavy,1,yes,36633.91,22773.92,1125.9,22773.92,22756.82,6,4,113
200.30.1,heavy,2,yes,36633.91,22703.83,987.3,22703.83,22658.67,6,4,105
200.30.1,heavy,3,yes,36633.91,22781.03,1095.2,22781.03,22763.70,6,4,112
200.30.1,heavy,4,yes,36633.91,22316.85,1052.6,22316.85,22314.54,6,4,104
200.30.1,heavy,5,yes,36633.91,22752.53,625.2,22752.53,22717.19,6,4,113
200.30.1,light,1,yes,28813.29,13264.70,1587.1,13263.07,13264.70,6,4,77
200.30.1,light,2,yes,28813.29,13157.44,1609.3,13156.13,13157.44,6,4,73
200.30.1,light,3,yes,28813.29,13265.64,1737.0,13265.64,13222.56,6,4,73
200.30.1,light,4,yes,28813.29,13215.43,1612.6,13215.43,13208.79,6,4,78
200.30.1,light,5,yes,28813.29,13183.47,1534.3,13183.47,13178.08,6,4,77
200.30.2,heavy,1,yes,37146.59,22570.00,1421.8,22570.00,22565.36,6,4,90
200.30.2,heavy,2,yes,37146.59,22353.75,1171.8,22353.75,22347.56,6,4,105
200.30.2,heavy,3,yes,37146.59,22708.61,1187.9,22707.64,22708.61,6,4,95
200.30.2,heavy,4,yes,37146.59,22982.72,937.0,22982.72,22973.74,6,4,99
200.30.2,heavy,5,yes,37146.59,22434.36,1236.7,22430.23,22434.36,6,4,91
200.30.2,light,1,yes,27957.48,13387.58,1574.4,13387.58,13370.50,6,4,76
200.30.2,light,2,yes,27957.48,13464.48,1745.6,13464.48,13446.36,6,4,70
200.30.2,light,3,yes,27957.48,13545.45,1642.4,13539.57,13545.45,6,4,74
200.30.2,light,4,yes,27957.48,13353.10,1609.0,13353.10,13348.39,6,4,67
200.30.2,light,5,yes,27957.48,13335.58,1649.4,13335.58,13329.26,6,4,74
200.30.3,heavy,1,yes,40288.82,24237.72,1472.2,24237.72,24233.69,6,4,103
200.30.3,heavy,2,yes,40288.82,24384.38,1603.8,24384.38,24379.42,6,4,103
200.30.3,heavy,3,yes,40288.82,24397.66,1638.1,24397.66,24395.08,6,4,105
200.30.3,heavy,4,yes,40288.82,24098.46,1691.9,24098.46,24098.08,6,4,101
200.30.3,heavy,5,yes,40288.82,24401.28,1746.0,24401.28,24394.82,6,4,101
200.30.3,light,1,yes,29620.99,14084.35,1704.3,14084.35,14079.57,6,4,68
200.30.3,light,2,yes,29620.99,14163.38,1822.9,14163.38,14160.39,6,4,61
200.30.3,light,3,yes,29620.99,14056.08,1848.5,14055.14,14056.08,6,4,70
200.30.3,light,4,yes,29620.99,14233.88,1739.2,14233.88,14191.14,6,4,75
200.30.3,light,5,yes,29620.99,14094.23,1778.2,14094.23,14086.73,6,4,64
200.30.4,heavy,1,yes,40167.51,23608.48,1350.8,23608.48,23605.88,6,4,104
200.30.4,heavy,2,yes,40167.51,23699.77,1314.8,23699.77,23695.19,6,4,98
200.30.4,heavy,3,yes,40167.51,23680.36,1206.9,23676.53,23680.36,6,4,100
200.30.4,heavy,4,yes,40167.51,23921.15,1304.9,23921.15,23920.50,6,4,97
200.30.4,heavy,5,yes,40167.51,23751.44,1307.4,23751.44,23748.58,6,4,100
200.30.4,light,1,yes,28823.15,13624.88,1702.5,13624.88,13596.02,6,4,68
200.30.4,light,2,yes,28823.15,13410.63,1647.6,13410.63,13410.62,6,4,71
200.30.4,light,3,yes,28823.15,13565.49,1649.8,13565.49,13548.28,6,4,76
200.30.4,light,4,yes,28823.15,13447.17,1635.5,13444.18,13447.17,6,4,71
200.30.4,light,5,yes,28823.15,13566.44,1808.6,13566.44,13561.57,6,4,73
200.40.1,heavy,1,yes,51853.03,36658.80,7232.9,36152.04,36658.80,6,4,125
200.40.1,heavy,2,yes,51853.03,36658.80,7229.6,36152.04,36658.80,6,4,125
200.40.1,heavy,3,yes,51853.03,36658.80,7225.1,36152.04,36658.80,6,4,125
200.40.1,heavy,4,yes,51853.03,36658.80,7218.6,36152.04,36658.80,6,4,125
200.40.1,heavy,5,yes,51853.03,36658.80,7217.7,36152.04,36658.80,6,4,125
200.40.1,light,1,yes,39283.90,19859.09,1480.3,19852.60,19859.09,6,4,78
200.40.1,light,2,yes,39283.90,20262.91,1433.9,20262.91,20258.97,6,4,77
200.40.1,light,3,yes,39283.90,20284.32,1443.8,20284.32,20255.39,6,4,81
200.40.1,light,4,yes,39283.90,19413.39,1475.6,19392.42,19413.39,6,4,79
200.40.1,light,5,yes,39283.90,19877.51,1411.2,19876.39,19877.51,6,4,84
200.40.2,heavy,1,yes,57343.13,39151.49,7697.2,38518.68,39151.49,6,4,123
200.40.2,heavy,2,yes,57343.13,39151.49,7376.6,38518.68,39151.49,6,4,123
200.40.2,heavy,3,yes,57343.13,39110.44,7368.0,38518.68,39110.44,6,4,123
200.40.2,heavy,4,yes,57343.13,39151.49,7693.6,38518.68,39151.49,6,4,123
200.40.2,heavy,5,yes,57343.13,39151.49,7733.3,38518.68,39151.49,6,4,123
200.40.2,light,1,yes,41852.25,22630.66,1434.7,22630.66,22617.76,6,4,92
200.40.2,light,2,yes,41852.25,22830.62,1388.4,22812.42,22830.62,6,4,88
200.40.2,light,3,yes,41852.25,22396.39,1417.2,22385.02,22396.39,6,4,82
200.40.2,light,4,yes,41852.25,22193.32,1467.4,22189.41,22193.32,6,4,84
200.40.2,light,5,yes,41852.25,22830.62,1490.8,22812.42,22830.62,6,4,88
200.40.3,heavy,1,yes,59014.85,41859.40,7309.8,36890.24,41859.40,6,4,125
200.40.3,heavy,2,yes,59014.85,41861.91,7341.0,36890.24,41861.91,6,4,125
200.40.3,heavy,3,yes,59014.85,41861.91,7339.2,36890.24,41861.91,6,4,125
200.40.3,heavy,4,yes,59014.85,41868.30,7215.1,36890.24,41868.30,6,4,125
200.40.3,heavy,5,yes,59014.85,41859.40,7295.2,36890.24,41859.40,6,4,125
200.40.3,light,1,yes,42296.82,22469.46,2447.1,22469.46,22465.23,6,4,78
200.40.3,light,2,yes,42296.82,22292.38,2562.6,22282.83,22292.38,6,4,74
200.40.3,light,3,yes,42296.82,22218.64,2482.3,22218.64,22216.69,6,4,74
200.40.3,light,4,yes,42296.82,22351.55,2460.3,22351.55,22350.95,6,4,75
200.40.3,light,5,yes,42296.82,22485.61,2380.0,22485.61,22485.37,6,4,75
200.40.4,heavy,1,yes,57305.35,46766.32,7204.9,46508.91,46766.32,4,4,149
200.40.4,heavy,2,yes,57305.35,47066.92,7264.8,47066.92,46919.87,5,4,149
200.40.4,heavy,3,yes,57305.35,46766.32,7214.5,46508.91,46766.32,4,4,149
200.40.4,heavy,4,yes,57305.35,47066.92,7268.5,47066.92,46919.87,5,4,149
200.40.4,heavy,5,yes,57305.35,46766.32,7202.3,46508.91,46766.32,4,4,149
200.40.4,light,1,yes,41353.93,22147.29,1932.4,22095.48,22147.29,6,4,74
200.40.4,light,2,yes,41353.93,22418.74,1902.3,22418.74,22412.68,6,4,77
200.40.4,light,3,yes,41353.93,22504.30,1821.9,22502.12,22504.30,6,4,82
200.40.4,light,4,yes,41353.93,22359.38,1883.0,22359.38,22339.86,6,4,83
200.40.4,light,5,yes,41353.93,22514.77,1804.3,22514.77,22504.31,6,4,86
