instance name,num of truck,num of drone,final cost (improved cost),mean cost,worst cost,truck routes(2 dim array),drone routes(2 dim array),highest truck times,highest drone time,elapsed time,feasibility (yes/no),optimal_trucks,optimal_drones,optimal_in minutes,optimal_best_result,optimal_elapse time
6.5.1,1,1,699.665653,699.665653,699.665653,"[[0, 2, 0]]","[[0, 5, 3, 6, 4, 0, 1, 0]]",699.665653,693.355193,0.599171,yes,1,1,11.6611,699.666,0.0101
6.5.2,1,1,550.722468,550.722468,550.722468,"[[0, 1, 3, 6, 0]]","[[0, 2, 5, 4, 0]]",546.251811,550.722468,1.180466,yes,1,1,9.1787,550.722,0.0161
6.5.3,1,1,766.783386,766.783386,766.783386,"[[0, 4, 3, 0]]","[[0, 2, 6, 0, 5, 1, 0]]",766.783386,587.483411,1.167974,yes,1,1,12.7797,766.782,0.0133
6.5.4,1,1,579.971323,579.971323,579.971323,"[[0, 1, 4, 6, 0]]","[[0, 5, 3, 2, 0]]",579.971323,537.372521,0.749283,yes,1,1,9.6662,579.972,0.013
6.10.1,1,1,1078.747671,1078.747671,1078.747671,"[[0, 2, 3, 0]]","[[0, 1, 6, 0, 5, 4, 0]]",1058.923881,1078.747671,1.010972,yes,1,1,17.9791,1078.746,0.0164
6.10.2,1,1,1232.564237,1232.564237,1232.564237,"[[0, 1, 6, 0]]","[[0, 5, 3, 2, 0, 4, 0]]",1232.564237,1180.739029,1.093317,yes,1,1,20.5427,1232.562,0.0175
6.10.3,1,1,1230.042312,1230.042312,1230.042312,"[[0, 3, 0]]","[[0, 5, 2, 0, 4, 1, 0, 6, 0]]",1230.042312,1201.29286,1.173393,yes,1,1,20.5007,1230.042,0.0177
6.10.4,1,1,997.843211,998.310592,999.011663,"[[0, 6, 0]]","[[0, 1, 2, 0, 4, 3, 5, 0]]",997.843211,882.92446,0.935013,yes,1,1,16.6307,997.842,0.0174
6.20.1,1,1,4486.681346,4486.681346,4486.681346,"[[0, 2, 1, 3, 5, 0]]","[[0, 6, 4, 0]]",4486.681346,519.665555,1.211146,yes,1,1,74.778,4486.68,0.0152
6.20.2,1,1,4099.787886,4099.787886,4099.787886,"[[0, 4, 3, 2, 0]]","[[0, 1, 0, 6, 0, 5, 0]]",4099.787886,1970.660714,1.268209,yes,1,1,68.3298,4099.788,0.0084
6.20.3,1,1,6233.214545,6233.214545,6233.214545,"[[0, 3, 6, 5, 0, 2, 0]]","[[0, 4, 0, 1, 0]]",6233.214545,1185.367101,1.276448,yes,1,1,103.8869,6233.214,0.0161
6.20.4,1,1,6174.786067,6174.786067,6174.786067,"[[0, 2, 0, 5, 4, 3, 0]]","[[0, 1, 0, 6, 0]]",6174.786067,1084.084527,1.181045,yes,1,1,102.9131,6174.786,0.0147
10.5.1,1,1,1212.946483,1212.946483,1212.946483,"[[0, 2, 4, 5, 3, 7, 0]]","[[0, 6, 10, 1, 0, 8, 9, 0]]",1212.946483,761.572607,2.635643,yes,1,1,20.2158,1212.948,0.0411
10.5.2,1,1,709.203745,709.203745,709.203745,"[[0, 10, 2, 8, 0]]","[[0, 7, 6, 0, 9, 1, 5, 3, 4, 0]]",688.492567,709.203745,3.293840,yes,1,1,11.8201,709.206,0.0833
10.5.3,1,1,775.690479,775.690479,775.690479,"[[0, 4, 1, 10, 9, 0]]","[[0, 7, 8, 0, 2, 6, 3, 0, 5, 0]]",750.952105,775.690479,3.206003,yes,1,1,12.9282,775.692,0.0635
10.5.4,1,1,745.425198,745.425198,745.425198,"[[0, 5, 8, 0]]","[[0, 10, 7, 9, 1, 2, 0, 6, 4, 3, 0]]",634.797908,745.425198,2.496997,yes,1,1,12.4238,745.428,0.1007
10.10.1,1,1,1735.950030,1735.950030,1735.950030,"[[0, 6, 9, 10, 4, 5, 1, 0]]","[[0, 8, 2, 0, 3, 0, 7, 0]]",1735.95003,1732.742862,3.243666,yes,1,1,28.9325,1735.95,0.0557
10.10.2,1,1,2006.727733,2006.727733,2006.727733,"[[0, 2, 5, 0]]","[[0, 9, 8, 0, 4, 7, 6, 0, 10, 1, 3, 0]]",2006.727733,1862.262023,1.749317,yes,1,1,33.4455,2006.73,0.0321
10.10.3,1,1,1818.150267,1818.150267,1818.150267,"[[0, 8, 3, 10, 1, 5, 4, 0]]","[[0, 6, 0, 7, 2, 0, 9, 0]]",1818.150267,1690.033854,3.076150,yes,1,1,30.3025,1818.15,0.0539
10.10.4,1,1,1359.633305,1359.633305,1359.633305,"[[0, 9, 3, 0]]","[[0, 5, 4, 2, 10, 0, 7, 1, 8, 6, 0]]",1359.633305,1251.070861,1.560738,yes,1,1,22.6606,1359.636,0.0634
10.20.1,1,1,5738.066783,5738.066783,5738.066783,"[[0, 5, 2, 9, 6, 3, 8, 0, 10, 0]]","[[0, 4, 0, 1, 7, 0]]",5738.066783,1001.125692,2.833049,yes,1,1,95.6344,5738.064,0.0665
10.20.2,1,1,6973.407432,6973.407432,6973.407432,"[[0, 5, 6, 4, 0, 2, 9, 1, 3, 7, 8, 0]]","[[0, 10, 0]]",6973.407432,610.377364,2.928043,yes,1,1,116.2235,6973.41,0.0967
10.20.3,1,1,6468.868414,6468.868414,6468.868414,"[[0, 3, 9, 7, 5, 2, 6, 1, 0, 4, 0]]","[[0, 10, 8, 0]]",6468.868414,579.878149,3.502460,yes,1,1,107.8145,6468.87,0.0814
10.20.4,1,1,6469.042593,6469.042593,6469.042593,"[[0, 7, 9, 8, 10, 4, 0, 1, 2, 3, 6, 0]]","[[0, 5, 0]]",6469.042593,423.120599,3.039043,yes,1,1,107.8174,6469.044,0.1374
12.5.1,1,1,722.739436,722.739436,722.739436,"[[0, 10, 4, 12, 6, 7, 0]]","[[0, 3, 8, 2, 1, 0, 9, 11, 5, 0]]",722.739436,702.362087,2.950969,yes,1,1,12.0457,722.742,0.0866
12.5.2,1,1,682.560645,682.560645,682.560645,"[[0, 3, 7, 12, 2, 10, 4, 0]]","[[0, 5, 1, 9, 11, 6, 8, 0]]",671.900115,682.560645,3.615230,yes,1,1,11.376,682.56,0.1557
12.5.3,1,1,1011.069828,1011.069828,1011.069828,"[[0, 7, 6, 4, 3, 10, 12, 0]]","[[0, 8, 5, 0, 2, 9, 1, 11, 0]]",1002.335452,1011.069828,3.759472,yes,1,1,16.8512,1011.072,0.0983
12.5.4,1,1,925.822003,925.822003,925.822003,"[[0, 1, 5, 10, 3, 4, 0]]","[[0, 12, 2, 7, 6, 0, 9, 8, 0, 11, 0]]",894.604069,925.822003,4.140918,yes,1,1,15.4304,925.824,0.1261
12.10.1,1,1,1669.856983,1669.856983,1669.856983,"[[0, 10, 6, 8, 4, 5, 0]]","[[0, 2, 12, 0, 7, 3, 11, 0, 9, 1, 0]]",1591.636253,1669.856983,3.464382,yes,1,1,27.8309,1669.854,0.1258
12.10.2,1,1,1670.912241,1670.912241,1670.912241,"[[0, 1, 3, 11, 7, 12, 0]]","[[0, 4, 0, 2, 10, 8, 0, 9, 6, 5, 0]]",1623.984853,1670.912241,3.625283,yes,1,1,27.8485,1670.91,0.1088
12.10.3,1,1,1788.491293,1788.491293,1788.491293,"[[0, 7, 6, 3, 2, 0]]","[[0, 11, 4, 9, 0, 1, 8, 12, 0, 5, 10, 0]]",1783.61173,1788.491293,3.608545,yes,1,1,29.8082,1788.492,0.0815
12.10.4,1,1,1719.958305,1719.958305,1719.958305,"[[0, 12, 8, 2, 9, 10, 0]]","[[0, 3, 6, 0, 11, 1, 7, 0, 5, 4, 0]]",1659.855033,1719.958305,2.743017,yes,1,1,28.666,1719.96,0.1057
12.20.1,1,1,8240.622102,8240.622102,8240.622102,"[[0, 9, 6, 10, 12, 0, 2, 7, 11, 4, 0]]","[[0, 8, 5, 0, 1, 0, 3, 0]]",8240.622102,1685.256201,4.721177,yes,1,1,137.3437,8240.622,0.1263
12.20.2,1,1,8615.090911,8615.090911,8615.090911,"[[0, 1, 4, 2, 12, 5, 11, 0, 8, 7, 3, 9, 0]]","[[0, 10, 0, 6, 0]]",8615.090911,1162.186019,3.526548,yes,1,1,143.5848,8615.088,0.1501
12.20.3,1,1,5974.029743,5974.029743,5974.029743,"[[0, 3, 11, 9, 8, 0, 7, 4, 5, 0]]","[[0, 1, 10, 0, 2, 0, 6, 12, 0]]",5974.029743,1653.041007,4.388358,yes,1,1,99.5672,5974.032,0.1048
12.20.4,1,1,7417.996848,7417.996848,7417.996848,"[[0, 12, 6, 8, 1, 4, 0, 11, 7, 5, 10, 2, 0]]","[[0, 3, 9, 0]]",7417.996848,432.37078,5.595221,yes,1,1,123.6333,7417.998,0.1622
20.5.1,2,2,626.003818,626.003818,626.003818,"[[0, 20, 6, 17, 0], [0, 9, 1, 10, 18, 11, 0]]","[[0, 13, 14, 8, 2, 4, 0, 12, 0], [0, 7, 5, 3, 16, 0, 19, 15, 0]]",626.003818,614.378952,8.875086,yes,2,2,10.4334,626.004,0.1576
20.5.2,2,2,711.960267,711.960267,711.960267,"[[0, 7, 12, 18, 0], [0, 20, 4, 17, 1, 0]]","[[0, 15, 19, 0, 2, 6, 5, 11, 0], [0, 10, 14, 3, 16, 0, 8, 9, 13, 0]]",711.960267,705.709878,10.439131,yes,2,2,11.866,711.96,0.1283
20.5.3,2,2,499.812312,499.812312,499.812312,"[[0, 14, 7, 20, 0], [0, 18, 6, 1, 4, 12, 11, 16, 0]]","[[0, 10, 13, 17, 2, 0], [0, 3, 8, 9, 5, 15, 0, 19, 0]]",499.812312,480.26025,8.495042,yes,2,2,8.3302,499.812,0.1949
20.5.4,2,2,518.364202,518.364202,518.364202,"[[0, 8, 17, 10, 18, 12, 1, 0], [0, 15, 14, 4, 9, 0]]","[[0, 6, 19, 0, 11, 16, 0], [0, 7, 2, 3, 13, 5, 20, 0]]",499.424742,518.364202,10.088049,yes,2,2,8.6394,518.364,0.2561
20.10.1,2,2,1190.692038,1193.895345,1206.708576,"[[0, 11, 3, 16, 19, 20, 0], [0, 1, 8, 14, 6, 4, 0]]","[[0, 9, 0, 7, 10, 0], [0, 2, 5, 13, 15, 0, 17, 12, 18, 0]]",1126.562821,1190.692038,9.777063,yes,2,2,19.8449,1190.694,0.1437
20.10.2,2,2,1254.604348,1256.576718,1264.466201,"[[0, 10, 3, 13, 0], [0, 8, 2, 20, 11, 0]]","[[0, 9, 12, 17, 0, 0, 19, 6, 0], [0, 16, 4, 7, 18, 0, 15, 5, 1, 0, 14, 0]]",1236.320568,1254.604348,9.615881,yes,2,2,20.9101,1254.606,0.2304
20.10.3,2,2,1206.175461,1206.175461,1206.175461,"[[0, 6, 5, 12, 0], [0, 7, 19, 9, 0]]","[[0, 10, 3, 17, 2, 16, 0, 11, 13, 15, 0], [0, 1, 20, 8, 0, 0, 4, 18, 14, 0]]",1206.175461,1176.797844,7.739655,yes,2,2,20.1029,1206.174,0.16
20.10.4,2,2,1325.854756,1325.854756,1325.854756,"[[0, 6, 2, 8, 14, 0], [0, 13, 11, 1, 5, 4, 16, 15, 0]]","[[0, 10, 0, 19, 0], [0, 12, 17, 18, 0, 7, 20, 3, 9, 0]]",1210.500509,1325.854756,8.665670,yes,2,2,22.0976,1325.856,0.1311
20.20.1,2,2,4375.996153,4375.996153,4375.996153,"[[0, 19, 3, 4, 11, 6, 16, 10, 17, 1, 0], [0, 18, 13, 20, 8, 14, 7, 0]]","[[0, 5, 0, 9, 0], [0, 12, 15, 0, 2, 0]]",4375.996153,1304.321994,17.627349,yes,2,2,72.9333,4375.998,0.199
20.20.2,2,2,4041.311867,4041.311867,4041.311867,"[[0, 16, 18, 3, 11, 7, 14, 9, 0], [0, 6, 10, 15, 20, 12, 0]]","[[0, 8, 17, 4, 0, 13, 0], [0, 1, 0, 5, 2, 19, 0]]",4041.311867,1381.259487,13.315056,yes,2,2,67.3552,4041.312,0.1593
20.20.3,2,2,5069.655034,5069.655034,5069.655034,"[[0, 4, 19, 6, 14, 15, 3, 8, 9, 12, 0, 0], [0, 11, 2, 10, 5, 13, 0, 20, 16, 0]]","[[0, 1, 0, 0], [0, 18, 7, 0, 17, 0]]",5069.655034,1085.173973,12.222096,yes,2,2,84.4943,5069.658,0.2638
20.20.4,2,2,4371.301454,4371.301454,4371.301454,"[[0, 2, 14, 11, 17, 0], [0, 8, 5, 7, 15, 6, 19, 16, 12, 0]]","[[0, 13, 18, 20, 4, 0, 3, 0], [0, 1, 0, 9, 0, 10, 0]]",4371.301454,1533.056788,14.649958,yes,2,2,72.855,4371.3,0.1798
50.10.1,3,3,1893.376424,1893.376424,1893.376424,"[[0, 45, 19, 49, 0], [0, 40, 2, 34, 7, 33, 6, 18, 20, 11, 12, 0], [0, 8, 9, 27, 42, 24, 15, 35, 0]]","[[0, 32, 23, 16, 0, 31, 5, 37, 36, 0, 29, 26, 0], [0, 28, 21, 14, 50, 3, 22, 0, 38, 46, 43, 0, 30, 0, 17, 25, 0], [0, 13, 47, 0, 41, 0, 39, 44, 10, 0, 1, 48, 4, 0]]",1893.376424,1893.012246,79.037154,yes,3,3,31.5563,1893.378,0.9724
50.10.2,3,3,1543.686159,1553.649189,1557.317894,"[[0, 37, 50, 42, 45, 10, 25, 0], [0, 3, 48, 40, 35, 44, 4, 0], [0, 27, 20, 46, 7, 33, 2, 8, 47, 0]]","[[0, 36, 32, 15, 49, 1, 0, 22, 18, 30, 38, 0, 11, 29, 0], [0, 34, 6, 41, 12, 0, 26, 23, 13, 21, 0, 17, 28, 0], [0, 9, 43, 5, 16, 0, 39, 24, 0, 19, 14, 31, 0]]",1543.686159,1526.463094,70.761367,yes,3,3,25.8637,1551.822,1.4412
50.10.3,3,3,1513.567190,1518.714689,1536.583916,"[[0, 20, 14, 29, 15, 13, 41, 0], [0, 19, 5, 30, 1, 24, 48, 27, 21, 22, 8, 46, 0], [0, 40, 12, 3, 31, 9, 28, 7, 0]]","[[0, 32, 2, 4, 36, 49, 0, 10, 35, 0, 33, 23, 0], [0, 44, 50, 11, 45, 34, 0, 6, 37, 25, 0, 26, 0], [0, 47, 16, 43, 38, 17, 0, 42, 39, 18, 0]]",1513.56719,1476.360533,71.241951,yes,3,3,25.2068,1512.408,1.6684
50.10.4,3,3,1455.857821,1459.094990,1464.600659,"[[0, 48, 46, 10, 6, 21, 36, 14, 20, 0], [0, 45, 4, 33, 29, 0], [0, 13, 44, 23, 42, 49, 17, 12, 40, 35, 11, 0]]","[[0, 26, 50, 43, 27, 0, 31, 37, 25, 0, 15, 0], [0, 19, 41, 5, 9, 0, 2, 39, 16, 1, 34, 38, 0, 24, 0], [0, 8, 7, 18, 47, 0, 28, 3, 22, 0, 30, 32, 0]]",1455.857821,1398.162088,72.483043,yes,3,3,24.2643,1455.858,1.5962
50.20.1,3,3,4182.091120,4189.265539,4194.048485,"[[0, 5, 37, 6, 17, 14, 32, 23, 21, 11, 2, 9, 29, 40, 0], [0, 27, 35, 16, 50, 36, 38, 28, 4, 44, 13, 33, 19, 0], [0, 7, 22, 1, 8, 42, 10, 43, 39, 0]]","[[0, 0], [0, 3, 12, 41, 0, 49, 0, 45, 24, 0], [0, 26, 34, 25, 0, 47, 31, 0, 15, 20, 46, 18, 0, 48, 30, 0]]",4182.09112,2543.390758,110.907104,yes,3,3,69.7015,4182.09,2.1206
50.20.2,3,3,4239.882013,4260.061039,4273.513723,"[[0, 24, 27, 5, 26, 45, 29, 2, 16, 33, 36, 48, 47, 3, 0], [0, 35, 15, 30, 9, 8, 21, 13, 20, 37, 41, 44, 22, 14, 0], [0, 42, 18, 25, 40, 7, 19, 38, 31, 46, 0]]","[[0, 17, 39, 4, 34, 0, 12, 23, 10, 0], [0, 43, 11, 0, 50, 28, 49, 0], [0, 32, 1, 6, 0]]",4239.882013,1336.693447,104.625434,yes,3,3,70.6647,4239.882,1.8046
50.20.3,3,3,4528.882764,4584.822068,4711.898720,"[[0, 38, 4, 7, 24, 44, 37, 11, 12, 43, 36, 0], [0, 50, 1, 32, 40, 6, 8, 46, 18, 13, 22, 31, 9, 34, 33, 0], [0, 14, 28, 2, 19, 41, 30, 48, 17, 0]]","[[0, 5, 21, 0, 39, 45, 35, 0, 26, 3, 0, 49, 0, 27, 0], [0, 16, 23, 29, 0, 15, 47, 0, 0, 0], [0, 42, 20, 0, 10, 0, 25, 0]]",4528.882764,3080.28396,118.716543,yes,3,3,78.5316,4711.896,1.7352
50.20.4,3,3,4529.660304,4594.869856,4611.172244,"[[0, 18, 11, 40, 30, 5, 12, 22, 31, 48, 15, 34, 0, 0], [0, 38, 41, 19, 14, 46, 26, 17, 35, 13, 49, 21, 27, 39, 0], [0, 33, 24, 28, 9, 2, 42, 47, 10, 20, 3, 32, 37, 29, 6, 44, 0]]","[[0, 43, 25, 0, 1, 0], [0, 16, 23, 7, 0], [0, 8, 50, 36, 45, 0, 4, 0]]",4529.660304,1059.785952,127.693600,yes,3,3,75.5266,4531.596,2.5383
50.30.1,3,3,8873.783828,8944.707763,9071.145657,"[[0, 30, 38, 45, 15, 21, 43, 29, 7, 0, 46, 42, 32, 27, 36, 0], [0, 12, 9, 28, 13, 24, 22, 19, 41, 0, 23, 2, 33, 5, 8, 39, 17, 34, 0], [0, 6, 40, 18, 16, 49, 1, 20, 0, 10, 4, 25, 3, 37, 47, 44, 50, 35, 48, 0]]","[[0, 0, 31, 11, 0], [0, 26, 0], [0, 14, 0]]",8873.783828,699.061912,159.924427,yes,3,3,147.8964,8873.784,2.5483
50.30.2,3,3,8037.201633,8047.955949,8090.973210,"[[0, 5, 6, 28, 3, 21, 30, 35, 34, 7, 0, 4, 24, 18, 40, 15, 0], [0, 36, 38, 10, 32, 45, 23, 47, 8, 17, 1, 0, 41, 12, 37, 19, 0], [0, 31, 22, 48, 9, 43, 20, 2, 33, 0, 11, 46, 14, 44, 49, 26, 16, 0]]","[[0, 27, 42, 29, 0], [0, 25, 13, 0], [0, 39, 50, 0]]",8037.201633,681.580499,134.564545,yes,3,3,133.666,8019.96,2.8979
50.30.3,3,3,8908.103013,9002.442851,9129.927338,"[[0, 11, 3, 10, 13, 26, 36, 7, 0, 8, 41, 48, 29, 6, 43, 12, 0], [0, 45, 28, 30, 16, 20, 25, 15, 46, 21, 0, 27, 40, 23, 18, 44, 17, 2, 0], [0, 24, 47, 19, 33, 32, 5, 37, 1, 38, 0, 35, 49, 31, 34, 39, 9, 4, 0]]","[[0, 22, 14, 0], [0, 0, 0], [0, 42, 50, 0, 0]]",8908.103013,666.470417,158.735020,yes,3,3,148.4684,8908.104,2.5468
50.30.4,3,3,8811.661300,8963.147568,9040.721655,"[[0, 25, 5, 45, 36, 34, 41, 23, 24, 0, 9, 47, 30, 16, 27, 18, 2, 46, 29, 40, 0], [0, 11, 14, 35, 20, 15, 0, 39, 42, 38, 3, 43, 1, 33, 31, 17, 7, 0], [0, 8, 19, 37, 22, 44, 48, 0, 10, 4, 32, 28, 49, 12, 13, 6, 0]]","[[0, 26, 0], [0, 0, 50, 0], [0, 21, 0]]",8811.6613,673.291651,185.709131,yes,3,3,146.861,8811.66,2.95
50.40.1,3,3,14370.598987,14474.871688,14562.742835,"[[0, 23, 16, 2, 50, 0, 30, 11, 1, 26, 8, 4, 38, 0, 48, 3, 18, 19, 33, 0], [0, 40, 41, 42, 25, 21, 0, 6, 28, 35, 20, 27, 39, 36, 0, 9, 0], [0, 14, 31, 47, 13, 32, 0, 37, 43, 49, 15, 44, 34, 0, 7, 45, 22, 29, 0]]","[[0, 12, 0, 46, 10, 0], [0, 5, 0], [0, 24, 17, 0]]",14370.598987,935.6522,154.532174,yes,3,3,240.1446,14408.676,3.5901
50.40.2,3,3,14334.608384,14540.423648,14693.620641,"[[0, 49, 9, 27, 46, 0, 23, 14, 11, 12, 42, 0, 15, 10, 43, 16, 0], [0, 25, 6, 3, 2, 34, 26, 13, 1, 19, 0, 45, 50, 21, 4, 24, 8, 41, 0, 18, 17, 31, 32, 0], [0, 37, 29, 36, 22, 48, 28, 20, 0, 39, 5, 7, 35, 44, 38, 0, 33, 30, 40, 0]]","[[0, 47, 0], [0, 0], [0]]",14334.608384,699.338651,278.149360,yes,3,3,238.9101,14334.606,4.5376
50.40.3,3,3,12509.771062,12556.949465,12656.214761,"[[0, 18, 23, 13, 17, 44, 19, 39, 43, 7, 45, 0, 36, 24, 31, 26, 40, 2, 9, 38, 0, 22, 0], [0, 30, 3, 28, 12, 8, 1, 10, 46, 15, 0, 33, 27, 37, 48, 4, 0, 5, 0], [0, 35, 25, 34, 20, 50, 0, 42, 14, 11, 16, 29, 21, 41, 0, 6, 49, 0]]","[[0, 47, 0], [0, 32, 0], [0, 0]]",12509.771062,635.752597,178.437160,yes,3,3,208.7988,12527.928,2.963
50.40.4,3,3,12992.723161,13113.582490,13234.708164,"[[0, 44, 24, 19, 28, 45, 0, 30, 35, 6, 2, 4, 36, 33, 0], [0, 43, 12, 42, 31, 47, 0, 13, 37, 50, 21, 0, 29, 22, 39, 7, 3, 46, 0], [0, 20, 23, 11, 10, 5, 49, 25, 16, 0, 18, 8, 27, 17, 1, 14, 40, 0, 32, 15, 34, 38, 48, 41, 0]]","[[0, 26, 9, 0], [0], [0]]",12992.723161,607.391231,258.400288,yes,3,3,216.5454,12992.724,4.4237
100.10.1,4,4,1565.320455,1567.254879,1572.260598,"[[0, 72, 59, 7, 4, 70, 14, 10, 23, 81, 53, 97, 50, 0], [0, 43, 44, 41, 28, 78, 57, 45, 64, 61, 71, 31, 30, 15, 98, 0], [0, 82, 76, 80, 49, 90, 12, 94, 0], [0, 73, 32, 89, 55, 5, 1, 35, 92, 24, 62, 51, 38, 83, 8, 85, 0]]","[[0, 17, 52, 87, 6, 25, 0, 95, 63, 46, 13, 66, 39, 54, 0, 75, 91, 18, 0], [0, 2, 56, 79, 21, 20, 0, 69, 37, 27, 0, 34, 84, 68, 0], [0, 65, 60, 19, 58, 16, 48, 0, 47, 22, 93, 11, 0, 86, 0, 100, 99, 3, 67, 0], [0, 77, 33, 36, 42, 0, 88, 26, 96, 9, 0, 74, 29, 40, 0]]",1565.320455,1554.774322,416.264463,yes,4,4,26.0543,1563.258,9.4763
100.10.2,4,4,1631.911636,1633.140395,1634.289447,"[[0, 59, 58, 26, 93, 0], [0, 18, 45, 72, 94, 52, 74, 69, 40, 77, 35, 47, 46, 44, 38, 0], [0, 36, 1, 6, 71, 97, 12, 55, 99, 100, 22, 86, 56, 0], [0, 42, 83, 17, 96, 89, 66, 5, 65, 37, 57, 53, 31, 64, 0]]","[[0, 43, 70, 3, 78, 85, 51, 0, 23, 90, 92, 32, 0, 7, 82, 81, 0, 79, 98, 0], [0, 39, 20, 75, 49, 62, 0, 41, 91, 27, 0, 16, 61, 54, 0], [0, 68, 76, 28, 63, 25, 0, 24, 8, 33, 9, 29, 67, 10, 0, 19, 88, 11, 2, 60, 0], [0, 50, 14, 48, 21, 34, 95, 13, 0, 87, 4, 84, 15, 73, 0, 80, 30, 0]]",1631.911636,1630.534352,345.277507,yes,4,4,26.3312,1579.872,8.399
100.10.3,4,4,1556.153784,1575.878357,1608.753687,"[[0, 71, 18, 79, 75, 95, 37, 100, 45, 61, 87, 50, 31, 40, 92, 53, 51, 7, 0], [0, 88, 15, 25, 59, 4, 24, 28, 13, 48, 84, 76, 0], [0, 81, 52, 85, 67, 72, 16, 11, 62, 68, 49, 0], [0, 56, 14, 12, 70, 38, 83, 90, 22, 0]]","[[0, 80, 20, 36, 34, 93, 0, 39, 82, 60, 27, 41, 0, 5, 30, 94, 42, 0, 66, 6, 0], [0, 77, 58, 3, 0, 98, 89, 73, 0, 43, 46, 9, 0, 69, 8, 0, 74, 1, 54, 0], [0, 19, 2, 99, 29, 91, 0, 44, 64, 32, 33, 96, 0, 47, 21, 0], [0, 63, 57, 23, 35, 0, 86, 78, 17, 97, 26, 0, 55, 10, 65, 0]]",1556.153784,1550.827796,351.359540,yes,4,4,25.2678,1516.068,11.8075
100.10.4,4,4,1574.233589,1575.481514,1577.634310,"[[0, 36, 63, 12, 70, 7, 39, 81, 100, 99, 46, 27, 0], [0, 96, 90, 23, 84, 69, 67, 98, 10, 31, 47, 61, 35, 76, 30, 25, 40, 87, 4, 93, 0], [0, 41, 24, 34, 80, 78, 22, 33, 50, 45, 6, 55, 66, 79, 0], [0, 59, 43, 49, 60, 77, 15, 37, 65, 64, 68, 0]]","[[0, 57, 74, 0, 21, 11, 0, 20, 94, 29, 92, 56, 0], [0, 72, 75, 16, 82, 0, 83, 42, 51, 71, 58, 0, 2, 18, 0], [0, 13, 97, 26, 32, 91, 0, 88, 14, 95, 62, 48, 86, 0, 52, 3, 73, 44, 0, 89, 5, 0], [0, 1, 8, 85, 53, 0, 17, 9, 0, 28, 38, 19, 54, 0]]",1574.233589,1573.90437,407.930570,yes,4,4,26.1029,1566.174,10.598
100.20.1,4,4,4302.306834,4501.371543,5297.630377,"[[0, 27, 75, 51, 4, 95, 99, 32, 2, 93, 41, 28, 55, 7, 49, 18, 39, 86, 42, 74, 88, 21, 78, 0], [0, 38, 96, 97, 87, 66, 46, 9, 48, 63, 36, 29, 37, 62, 82, 25, 56, 65, 34, 72, 84, 0], [0, 100, 50, 80, 71, 57, 92, 90, 59, 91, 70, 76, 13, 22, 64, 8, 94, 30, 58, 81, 45, 23, 33, 11, 0], [0, 83, 44, 68, 89, 12, 35, 3, 10, 53, 98, 15, 73, 5, 47, 54, 1, 0]]","[[0, 14, 19, 77, 0, 79, 0], [0, 43, 52, 6, 0, 17, 61, 0], [0, 20, 26, 40, 0], [0, 24, 69, 60, 67, 0, 85, 31, 16, 0]]",4302.306834,1281.741327,1207.723647,yes,4,4,71.7051,4302.306,12.1487
100.20.2,4,4,4055.993735,4055.993735,4055.993735,"[[0, 38, 93, 87, 18, 92, 70, 67, 22, 26, 17, 15, 28, 52, 90, 0], [0, 91, 8, 43, 75, 69, 29, 36, 34, 1, 58, 100, 68, 33, 51, 48, 35, 3, 53, 0], [0, 39, 42, 7, 83, 19, 86, 44, 84, 25, 37, 59, 95, 55, 11, 41, 74, 80, 82, 24, 45, 73, 63, 4, 13, 0], [0, 79, 23, 64, 94, 30, 20, 89, 78, 10, 60, 56, 32, 21, 2, 40, 98, 0]]","[[0, 65, 54, 49, 66, 0, 61, 77, 6, 0], [0, 47, 50, 0, 12, 0], [0, 85, 46, 71, 88, 0, 14, 96, 81, 27, 0, 76, 5, 31, 0], [0, 99, 57, 16, 9, 0, 62, 0, 72, 97, 0]]",4055.993735,2020.889451,774.151461,yes,4,4,67.5999,4055.994,7.2708
100.20.3,4,4,4196.026174,4196.026174,4196.026174,"[[0, 99, 74, 90, 60, 85, 43, 64, 70, 15, 55, 48, 91, 0], [0, 88, 67, 24, 65, 71, 73, 5, 14, 10, 97, 51, 58, 26, 18, 36, 0], [0, 69, 32, 27, 83, 78, 12, 68, 28, 100, 92, 84, 47, 81, 59, 16, 1, 77, 13, 98, 53, 4, 57, 49, 75, 11, 0], [0, 61, 31, 37, 39, 7, 17, 2, 96, 54, 35, 66, 46, 6, 89, 82, 40, 62, 93, 8, 87, 21, 3, 80, 9, 0]]","[[0, 76, 23, 56, 0, 86, 72, 0, 63, 0, 34, 0], [0], [0, 95, 38, 29, 45, 0, 25, 41, 42, 0, 30, 22, 52, 0], [0, 94, 20, 50, 79, 0, 19, 0, 33, 44, 0]]",4196.026174,2544.707653,1237.826496,yes,4,4,69.9338,4196.028,11.2526
100.20.4,4,4,4269.873109,4344.442092,4387.626750,"[[0, 94, 68, 18, 1, 31, 76, 57, 43, 21, 46, 9, 23, 92, 17, 51, 62, 98, 6, 0], [0, 50, 73, 77, 71, 79, 2, 11, 58, 72, 61, 87, 85, 40, 14, 65, 24, 33, 28, 0], [0, 89, 63, 44, 47, 37, 70, 32, 16, 82, 25, 49, 10, 99, 0], [0, 84, 96, 20, 100, 54, 55, 53, 69, 80, 3, 35, 27, 74, 22, 19, 26, 81, 0]]","[[0, 7, 0, 90, 0, 75, 88, 0, 34, 36, 0, 97, 78, 0], [0, 67, 30, 56, 64, 0, 91, 38, 41, 0, 0], [0, 29, 66, 15, 0, 95, 93, 45, 0, 52, 59, 4, 0, 48, 5, 0, 39, 12, 0], [0, 13, 60, 0, 86, 8, 0, 42, 83, 0]]",4269.873109,3357.008466,958.869298,yes,4,4,72.6494,4358.964,11.5826
100.30.1,4,4,8826.819168,8865.248178,8931.464868,"[[0, 31, 89, 4, 67, 5, 77, 54, 56, 36, 0, 25, 79, 65, 46, 45, 50, 53, 59, 13, 91, 17, 64, 66, 1, 58, 69, 0], [0, 10, 76, 43, 63, 29, 37, 28, 90, 32, 57, 52, 14, 0, 80, 33, 100, 30, 55, 34, 87, 2, 19, 81, 0], [0, 23, 27, 8, 51, 68, 98, 88, 97, 41, 61, 0, 15, 9, 44, 18, 94, 40, 24, 35, 26, 7, 48, 22, 0], [0, 99, 73, 86, 83, 95, 82, 12, 70, 47, 72, 74, 0, 75, 3, 93, 60, 49, 38, 62, 85, 78, 20, 0]]","[[0, 11, 71, 0, 6, 0], [0, 21, 42, 92, 0], [0, 84, 0, 96, 0], [0, 16, 39, 0, 0]]",8826.819168,1242.62126,1847.098124,yes,4,4,146.7151,8802.906,14.5488
100.30.2,4,4,8644.186237,8653.119318,8666.319639,"[[0, 42, 83, 67, 93, 48, 46, 16, 82, 69, 2, 6, 9, 0, 63, 24, 84, 97, 23, 80, 85, 52, 21, 28, 0], [0, 68, 27, 34, 49, 53, 96, 44, 51, 30, 8, 92, 0, 22, 43, 3, 74, 99, 45, 15, 38, 39, 98, 1, 0], [0, 89, 19, 40, 29, 11, 32, 56, 77, 4, 12, 47, 7, 59, 78, 0, 33, 20, 75, 62, 36, 55, 0], [0, 95, 72, 81, 25, 73, 66, 17, 65, 35, 57, 0, 79, 70, 14, 94, 37, 41, 54, 58, 50, 0]]","[[0, 26, 5, 0, 90, 71, 0, 0], [0, 64, 13, 61, 0, 88, 87, 0], [0, 31, 76, 100, 0, 0], [0, 60, 10, 91, 0, 86, 18, 0]]",8644.186237,1327.672766,1458.469778,yes,4,4,143.2693,8596.158,13.2898
100.30.3,4,4,8910.777868,8964.138771,9026.243341,"[[0, 41, 52, 96, 71, 27, 42, 21, 82, 63, 5, 35, 90, 61, 14, 0, 78, 9, 83, 98, 20, 1, 3, 15, 0], [0, 54, 50, 38, 59, 29, 13, 64, 40, 0, 70, 73, 4, 85, 18, 89, 6, 37, 19, 79, 86, 69, 8, 23, 34, 12, 0], [0, 81, 84, 62, 36, 94, 72, 75, 80, 65, 97, 11, 0, 43, 51, 22, 28, 46, 44, 66, 88, 33, 53, 0], [0, 68, 17, 45, 31, 32, 95, 47, 30, 0, 67, 26, 48, 24, 58, 91, 25, 7, 56, 39, 60, 87, 74, 0]]","[[0, 76, 55, 0], [0, 92, 77, 0, 49, 0], [0, 99, 100, 0, 10, 93, 0], [0, 57, 2, 16, 0]]",8910.777868,1232.975511,1844.924999,yes,4,4,148.5178,8911.068,16.4004
100.30.4,4,4,8652.420055,8723.218445,8843.068564,"[[0, 72, 36, 73, 70, 19, 75, 71, 64, 34, 0, 43, 14, 90, 41, 37, 76, 85, 96, 27, 77, 58, 40, 91, 0], [0, 65, 62, 17, 4, 8, 23, 87, 99, 26, 0, 92, 12, 84, 69, 20, 51, 31, 7, 55, 39, 68, 0], [0, 80, 44, 88, 53, 56, 21, 86, 6, 38, 45, 42, 32, 3, 0, 89, 54, 10, 67, 49, 22, 47, 100, 57, 15, 28, 95, 0], [0, 16, 78, 93, 1, 63, 66, 79, 98, 29, 59, 48, 9, 0, 2, 61, 30, 46, 18, 52, 25, 97, 83, 33, 0]]","[[0, 11, 35, 13, 94, 0], [0, 24, 0, 82, 0], [0, 5, 0], [0, 60, 74, 0, 50, 81, 0]]",8652.420055,1238.7032,1261.021673,yes,4,4,144.207,8652.42,17.2775
100.40.1,4,4,14643.117193,14738.128406,14841.637478,"[[0, 72, 70, 19, 61, 11, 84, 21, 10, 82, 0, 66, 83, 9, 20, 89, 33, 92, 78, 38, 6, 58, 85, 1, 18, 0, 26, 0], [0, 76, 7, 47, 93, 29, 39, 28, 0, 8, 43, 2, 67, 0, 63, 86, 88, 65, 87, 68, 50, 30, 0], [0, 13, 12, 96, 98, 60, 90, 25, 0, 77, 79, 74, 14, 100, 46, 91, 99, 59, 16, 3, 17, 0, 15, 81, 31, 69, 37, 56, 64, 4, 0], [0, 97, 24, 94, 52, 41, 51, 35, 75, 22, 0, 23, 40, 27, 32, 54, 34, 5, 57, 71, 53, 95, 0, 44, 42, 73, 0]]","[[0, 48, 49, 36, 0], [0, 55, 62, 0], [0, 80, 0], [0, 45, 0]]",14643.117193,621.928109,2586.001122,yes,4,4,243.2968,14597.808,21.78
100.40.2,4,4,15193.290350,15277.095914,15345.293994,"[[0, 73, 62, 61, 55, 64, 31, 56, 39, 0, 54, 10, 29, 50, 15, 46, 93, 0, 95, 2, 20, 69, 71, 0], [0, 34, 99, 42, 80, 79, 97, 38, 75, 6, 0, 28, 35, 13, 37, 91, 21, 82, 0, 32, 58, 45, 98, 0], [0, 70, 78, 92, 86, 16, 83, 90, 63, 1, 68, 40, 8, 0, 94, 44, 24, 18, 81, 48, 96, 23, 0, 27, 53, 9, 59, 25, 85, 19, 0], [0, 77, 17, 60, 14, 3, 36, 7, 65, 22, 72, 89, 0, 52, 88, 4, 30, 67, 41, 76, 0, 47, 51, 33, 26, 87, 66, 0]]","[[0, 49, 57, 43, 12, 0], [0, 100, 74, 0], [0], [0, 5, 11, 84, 0]]",15193.29035,668.440485,2393.284283,yes,4,4,252.3483,15140.898,16.7173
100.40.3,4,4,15207.728194,15383.516250,15637.481752,"[[0, 89, 99, 92, 79, 43, 76, 45, 57, 19, 22, 27, 93, 0, 69, 53, 81, 3, 44, 8, 71, 66, 52, 34, 75, 28, 0, 46, 60, 26, 87, 5, 49, 84, 56, 38, 0], [0, 50, 13, 95, 7, 73, 91, 65, 0, 47, 70, 10, 97, 15, 2, 59, 100, 24, 0, 98, 21, 90, 20, 31, 39, 14, 61, 0], [0, 80, 78, 48, 88, 1, 33, 41, 0, 72, 74, 86, 23, 83, 18, 0, 12, 36, 37, 42, 29, 63, 25, 0], [0, 11, 55, 17, 30, 35, 62, 64, 0, 68, 58, 51, 32, 67, 85, 40, 0, 9, 54, 77, 0]]","[[0, 94, 0], [0, 6, 16, 0], [0, 82, 0], [0, 4, 96, 0]]",15207.728194,678.716547,2263.576344,yes,4,4,253.2777,15196.662,17.3115
100.40.4,4,4,14509.986592,14540.843982,14601.129135,"[[0, 60, 70, 21, 6, 99, 33, 100, 87, 12, 0, 46, 42, 37, 90, 79, 45, 18, 63, 0, 8, 0], [0, 58, 14, 80, 54, 65, 69, 32, 59, 91, 0, 81, 2, 26, 34, 53, 0, 11, 55, 24, 94, 19, 25, 89, 86, 0], [0, 82, 17, 68, 1, 5, 75, 28, 23, 0, 66, 50, 95, 83, 61, 51, 0, 88, 62, 64, 85, 57, 4, 84, 27, 0], [0, 67, 92, 7, 38, 49, 30, 9, 74, 16, 0, 97, 40, 52, 76, 39, 44, 93, 41, 0, 31, 36, 71, 47, 96, 48, 73, 15, 13, 35, 56, 22, 0]]","[[0, 77, 78, 0, 43, 20, 0], [0, 3, 0, 29, 0], [0, 10, 0], [0, 72, 0, 98, 0]]",14509.986592,1261.250015,2025.578386,yes,4,4,240.4891,14429.346,21.1295
200.10.1,10,4,1469.992030,1476.113594,1480.248401,"[[0, 129, 169, 57, 150, 4, 55, 25, 184, 37, 45, 98, 149, 94, 155, 0], [0, 173, 163, 115, 10, 7, 101, 65, 198, 52, 49, 143, 60, 146, 14, 195, 0], [0, 18, 75, 100, 113, 188, 26, 116, 164, 36, 74, 187, 67, 140, 0], [0, 95, 160, 28, 104, 76, 17, 107, 23, 141, 91, 56, 0], [0, 89, 130, 117, 121, 123, 159, 12, 192, 27, 133, 92, 97, 156, 79, 20, 136, 72, 47, 0], [0, 15, 154, 177, 16, 120, 125, 59, 112, 87, 186, 142, 70, 162, 108, 109, 54, 19, 68, 131, 161, 0], [0, 38, 105, 29, 50, 85, 9, 73, 191, 30, 78, 111, 122, 168, 77, 33, 110, 134, 197, 126, 51, 171, 180, 0], [0, 132, 199, 135, 158, 82, 96, 88, 200, 190, 176, 152, 139, 167, 62, 0], [0, 83, 147, 34, 69, 102, 165, 63, 13, 137, 22, 170, 138, 93, 71, 189, 182, 0], [0, 80, 124, 90, 24, 148, 196, 127, 157, 2, 181, 41, 39, 44, 58, 166, 151, 194, 0]]","[[0, 40, 103, 61, 1, 0, 114, 178, 0, 86, 0], [0, 5, 32, 119, 0, 144, 43, 128, 0, 46, 172, 64, 21, 11, 0], [0, 179, 185, 0, 84, 193, 6, 118, 0, 145, 174, 53, 183, 0, 3, 0], [0, 8, 153, 42, 48, 31, 35, 0, 106, 66, 99, 0, 81, 175, 0]]",1469.99203,1466.517593,1760.901078,yes,10,4,24.0624,1443.744,56.9277
200.10.2,10,4,1478.773018,1492.665116,1499.952207,"[[0, 13, 193, 76, 38, 133, 36, 102, 160, 127, 33, 142, 197, 9, 172, 49, 80, 4, 130, 0], [0, 171, 111, 95, 149, 40, 21, 156, 63, 47, 16, 144, 32, 136, 187, 0], [0, 99, 14, 29, 116, 126, 101, 162, 10, 83, 51, 92, 55, 118, 161, 155, 107, 184, 88, 183, 8, 53, 175, 0], [0, 74, 114, 119, 153, 60, 135, 178, 122, 64, 15, 137, 158, 56, 26, 120, 27, 181, 174, 154, 0], [0, 41, 128, 145, 1, 90, 164, 198, 188, 58, 98, 125, 150, 70, 52, 139, 192, 143, 68, 132, 157, 0], [0, 23, 69, 59, 169, 124, 50, 5, 140, 37, 11, 87, 147, 191, 44, 86, 79, 0], [0, 151, 91, 189, 200, 89, 123, 82, 17, 112, 18, 110, 72, 34, 66, 78, 94, 0], [0, 180, 48, 195, 7, 2, 57, 176, 96, 173, 100, 93, 3, 65, 199, 0], [0, 61, 148, 141, 103, 117, 168, 152, 46, 45, 134, 20, 0], [0, 196, 108, 84, 24, 113, 129, 131, 167, 85, 115, 30, 109, 19, 170, 0]]","[[0, 6, 77, 106, 0, 165, 166, 0, 159, 42, 182, 71, 0], [0, 25, 186, 105, 28, 39, 97, 121, 0, 31, 0, 138, 22, 163, 0], [0, 194, 62, 54, 0, 43, 190, 146, 67, 0, 177, 185, 0], [0, 81, 75, 0, 73, 104, 12, 0, 179, 35, 0]]",1478.773018,1477.974985,1587.588810,yes,10,4,24.3661,1461.966,46.7162
200.10.3,10,4,1450.999935,1458.966815,1469.926755,"[[0, 108, 127, 99, 91, 185, 34, 168, 10, 174, 66, 50, 7, 25, 143, 110, 26, 79, 27, 0], [0, 76, 96, 193, 194, 104, 199, 15, 6, 40, 124, 21, 33, 70, 142, 46, 16, 183, 0], [0, 23, 3, 47, 36, 188, 45, 170, 112, 171, 31, 73, 42, 100, 59, 155, 18, 5, 186, 2, 11, 0], [0, 151, 180, 154, 62, 101, 114, 71, 157, 9, 88, 24, 173, 43, 165, 141, 167, 20, 39, 0], [0, 12, 119, 134, 156, 196, 68, 130, 29, 145, 198, 49, 0], [0, 65, 190, 69, 111, 13, 133, 1, 14, 184, 84, 103, 58, 160, 17, 0], [0, 4, 182, 122, 161, 120, 117, 140, 97, 0], [0, 172, 187, 75, 8, 85, 56, 92, 72, 166, 195, 37, 52, 41, 162, 144, 158, 0], [0, 63, 191, 38, 95, 197, 44, 153, 128, 164, 192, 149, 123, 150, 138, 102, 86, 0], [0, 106, 136, 32, 175, 90, 129, 181, 54, 48, 74, 189, 87, 51, 126, 67, 137, 0]]","[[0, 78, 82, 0, 93, 0, 53, 61, 109, 89, 0], [0, 177, 35, 116, 57, 0, 30, 176, 148, 115, 0, 179, 200, 28, 64, 0], [0, 121, 105, 60, 147, 19, 77, 0, 132, 80, 83, 118, 0, 55, 152, 0], [0, 131, 135, 125, 163, 159, 113, 178, 98, 107, 81, 169, 0, 94, 139, 146, 0, 22, 0]]",1450.999935,1440.164139,1577.590879,yes,10,4,24.1588,1449.528,45.3902
200.10.4,10,4,1500.427614,1513.544196,1529.039288,"[[0, 106, 104, 96, 140, 200, 17, 143, 126, 117, 83, 47, 180, 134, 14, 29, 132, 110, 108, 48, 69, 99, 115, 24, 0], [0, 42, 111, 193, 94, 61, 80, 144, 60, 81, 73, 78, 0], [0, 43, 163, 120, 36, 131, 171, 151, 27, 137, 39, 127, 199, 22, 105, 12, 0], [0, 23, 97, 34, 68, 146, 102, 71, 191, 70, 72, 49, 54, 37, 112, 93, 30, 20, 51, 0], [0, 46, 79, 185, 119, 179, 124, 113, 55, 76, 170, 159, 195, 198, 82, 53, 57, 28, 122, 142, 0], [0, 157, 13, 84, 133, 87, 59, 136, 41, 176, 177, 67, 26, 173, 150, 44, 148, 11, 35, 0], [0, 182, 5, 153, 15, 31, 107, 33, 88, 141, 9, 86, 0], [0, 77, 172, 10, 118, 116, 169, 138, 7, 85, 125, 32, 168, 121, 166, 184, 109, 114, 40, 145, 101, 189, 158, 0], [0, 75, 186, 128, 160, 16, 188, 95, 92, 139, 154, 156, 25, 45, 187, 196, 0], [0, 90, 178, 8, 63, 175, 194, 130, 174, 161, 167, 64, 1, 3, 0]]","[[0, 62, 149, 74, 0, 129, 18, 0, 165, 50, 0], [0, 21, 155, 19, 0, 56, 152, 0, 162, 52, 0], [0, 6, 147, 4, 2, 192, 197, 0, 91, 58, 0, 0, 135, 100, 0], [0, 164, 89, 103, 181, 0, 38, 183, 190, 0, 65, 123, 66, 98, 0]]",1500.427614,1491.889919,1719.321961,yes,10,4,25.005,1500.3,39.749
200.20.1,10,4,3155.036006,3169.569276,3187.180029,"[[0, 92, 3, 33, 70, 37, 136, 13, 189, 75, 197, 58, 147, 157, 145, 105, 161, 42, 146, 193, 0], [0, 20, 71, 116, 80, 25, 109, 140, 17, 72, 34, 83, 167, 181, 69, 29, 137, 0], [0, 26, 120, 55, 142, 183, 96, 133, 127, 149, 198, 111, 76, 62, 24, 0], [0, 49, 132, 113, 97, 64, 77, 153, 108, 61, 135, 124, 63, 156, 180, 18, 175, 53, 115, 174, 129, 0], [0, 45, 65, 81, 160, 164, 99, 159, 176, 121, 196, 8, 74, 103, 38, 41, 87, 104, 90, 150, 54, 0], [0, 89, 11, 191, 30, 98, 50, 68, 57, 184, 139, 0], [0, 46, 85, 179, 27, 199, 172, 148, 143, 168, 177, 5, 192, 1, 67, 102, 107, 117, 47, 56, 0], [0, 32, 82, 119, 15, 39, 171, 86, 186, 141, 94, 131, 106, 95, 0], [0, 22, 9, 84, 52, 126, 16, 43, 91, 88, 194, 7, 169, 195, 138, 0], [0, 187, 60, 110, 134, 151, 6, 44, 40, 36, 101, 14, 158, 182, 93, 114, 162, 78, 118, 35, 152, 0]]","[[0, 100, 0, 128, 10, 0, 130, 173, 0, 123, 200, 0, 12, 125, 178, 4, 0], [0, 170, 0, 31, 0, 59, 51, 0, 166, 0], [0, 73, 66, 0, 79, 0, 155, 23, 188, 0, 2, 0, 185, 144, 112, 48, 0], [0, 19, 190, 0, 122, 163, 0, 21, 165, 0, 154, 28, 0]]",3155.036006,2967.863237,2233.710334,yes,10,4,52.4997,3149.982,34.5357
200.20.2,10,4,3113.682919,3134.838301,3152.799890,"[[0, 184, 165, 188, 45, 78, 178, 54, 136, 85, 56, 88, 97, 111, 126, 123, 168, 12, 124, 0], [0, 36, 52, 109, 48, 10, 107, 180, 169, 71, 160, 119, 140, 77, 149, 2, 0], [0, 74, 182, 37, 20, 19, 152, 79, 155, 98, 170, 69, 145, 138, 113, 200, 80, 0], [0, 150, 57, 122, 118, 4, 21, 198, 115, 102, 73, 156, 166, 127, 18, 16, 86, 185, 76, 0], [0, 192, 40, 44, 50, 120, 189, 34, 89, 9, 141, 90, 7, 30, 116, 130, 110, 0], [0, 172, 41, 62, 101, 162, 128, 158, 133, 135, 84, 58, 194, 164, 26, 96, 174, 114, 0], [0, 151, 179, 131, 106, 42, 173, 103, 68, 144, 108, 38, 29, 112, 195, 55, 75, 91, 0], [0, 25, 87, 43, 8, 6, 171, 63, 105, 83, 100, 5, 154, 175, 148, 181, 117, 0], [0, 60, 129, 14, 23, 167, 65, 95, 82, 28, 0], [0, 132, 121, 143, 24, 70, 197, 176, 187, 104, 17, 183, 33, 11, 99, 0]]","[[0, 39, 66, 0, 153, 163, 186, 0, 53, 193, 94, 0, 157, 15, 0, 22, 199, 0, 49, 0], [0, 3, 64, 0, 47, 161, 0, 196, 13, 93, 0, 31, 0, 46, 134, 61, 72, 0], [0, 32, 0, 177, 27, 0, 191, 0, 67, 92, 1, 0, 137, 0], [0, 35, 51, 0, 159, 139, 142, 0, 59, 190, 0, 146, 0, 125, 0, 81, 147, 0]]",3113.682919,3080.143695,2166.413607,yes,10,4,51.7921,3107.526,45.2028
200.20.3,10,4,3086.892012,3101.828735,3142.356061,"[[0, 187, 142, 40, 195, 156, 178, 194, 58, 200, 59, 110, 177, 0], [0, 14, 106, 4, 39, 103, 77, 185, 146, 136, 56, 127, 143, 100, 180, 145, 30, 107, 0], [0, 16, 5, 53, 45, 6, 21, 135, 158, 70, 101, 84, 60, 37, 170, 89, 197, 0], [0, 51, 76, 121, 69, 131, 132, 12, 118, 85, 148, 193, 113, 160, 128, 0], [0, 92, 153, 90, 15, 134, 34, 174, 189, 179, 147, 63, 98, 175, 161, 65, 155, 42, 183, 111, 115, 151, 78, 68, 120, 0], [0, 32, 199, 99, 24, 1, 20, 123, 166, 96, 35, 29, 81, 102, 2, 114, 122, 80, 79, 23, 188, 0], [0, 36, 149, 173, 47, 172, 74, 119, 48, 46, 168, 154, 93, 141, 163, 126, 108, 198, 130, 94, 117, 0], [0, 71, 28, 159, 49, 19, 162, 129, 43, 11, 0], [0, 54, 169, 64, 83, 38, 184, 9, 192, 91, 75, 27, 88, 18, 138, 50, 22, 82, 125, 86, 33, 0], [0, 55, 150, 157, 13, 186, 167, 196, 67, 31, 181, 61, 0]]","[[0, 133, 3, 171, 164, 0, 87, 72, 0, 140, 112, 0, 176, 95, 0, 116, 7, 41, 0], [0, 191, 139, 52, 0, 8, 0, 104, 0, 144, 0, 66, 0, 17, 105, 0], [0, 190, 73, 0, 25, 0, 124, 26, 0, 137, 44, 0, 182, 0, 57, 97, 0], [0, 10, 0, 165, 0, 62, 0, 109, 0, 152, 0]]",3086.892012,3077.985997,2266.808120,yes,10,4,51.3877,3083.262,43.9532
200.20.4,10,4,3076.519944,3096.890233,3105.981173,"[[0, 196, 185, 142, 45, 170, 92, 126, 175, 114, 188, 107, 11, 135, 200, 15, 24, 124, 137, 0], [0, 60, 33, 50, 12, 108, 158, 162, 51, 195, 156, 20, 70, 62, 151, 171, 2, 125, 110, 0], [0, 1, 176, 84, 76, 37, 67, 4, 127, 144, 90, 18, 96, 35, 0], [0, 189, 46, 81, 150, 88, 141, 168, 140, 19, 159, 14, 0], [0, 191, 146, 63, 57, 74, 65, 121, 199, 152, 56, 99, 3, 16, 192, 128, 85, 66, 173, 154, 0], [0, 71, 21, 64, 77, 186, 129, 106, 116, 78, 177, 55, 53, 165, 148, 0], [0, 36, 143, 172, 59, 113, 132, 101, 184, 69, 123, 139, 145, 120, 72, 32, 163, 117, 49, 41, 89, 28, 0], [0, 52, 61, 180, 48, 147, 178, 174, 31, 23, 91, 111, 119, 198, 43, 87, 26, 42, 102, 5, 0], [0, 166, 131, 83, 54, 38, 130, 10, 100, 68, 109, 161, 79, 182, 155, 183, 157, 160, 0], [0, 105, 103, 7, 58, 115, 17, 40, 187, 179, 86, 197, 133, 39, 190, 44, 22, 169, 0]]","[[0, 82, 8, 134, 0, 149, 73, 0, 94, 0, 95, 0, 30, 0], [0, 193, 138, 0, 104, 153, 9, 0, 27, 6, 98, 0, 194, 0], [0, 13, 75, 25, 0, 167, 136, 34, 0, 47, 93, 0], [0, 97, 112, 80, 0, 164, 0, 181, 0, 29, 0, 122, 118, 0]]",3076.519944,2591.786665,2263.017388,yes,10,4,51.3647,3081.882,35.0325
200.30.1,10,4,4973.944295,5477.315662,5897.989045,"[[0, 151, 139, 186, 95, 25, 164, 62, 127, 200, 177, 47, 9, 115, 97, 80, 0], [0, 158, 102, 55, 173, 17, 15, 66, 92, 168, 96, 18, 171, 91, 42, 152, 122, 179, 197, 59, 0], [0, 142, 11, 105, 117, 83, 138, 93, 10, 57, 34, 110, 43, 153, 29, 154, 194, 46, 7, 68, 0], [0, 75, 73, 12, 135, 78, 116, 53, 89, 40, 24, 123, 166, 19, 144, 107, 192, 106, 0], [0, 199, 180, 157, 169, 103, 81, 159, 126, 187, 13, 193, 174, 120, 175, 69, 172, 77, 183, 0], [0, 99, 23, 27, 111, 131, 48, 45, 61, 21, 140, 32, 121, 31, 137, 132, 44, 125, 124, 0], [0, 114, 119, 167, 94, 3, 38, 65, 145, 72, 4, 8, 76, 128, 28, 90, 33, 129, 0], [0, 37, 60, 109, 79, 188, 108, 5, 51, 71, 178, 182, 143, 63, 189, 56, 160, 14, 195, 196, 190, 0], [0, 147, 165, 162, 36, 155, 86, 184, 176, 149, 58, 185, 101, 52, 104, 148, 41, 134, 2, 35, 98, 118, 0], [0, 84, 20, 49, 88, 74, 161, 130, 163, 22, 141, 6, 70, 133, 50, 30, 156, 191, 54, 1, 0]]","[[0, 198, 0, 87, 100, 0, 85, 82, 0], [0, 181, 0, 39, 136, 146, 0], [0, 112, 113, 0, 16, 0, 64, 0], [0, 150, 0, 170, 26, 0, 67, 0]]",4973.944295,1834.219851,3834.194083,yes,10,4,94.214,5652.84,43.3555
200.30.2,10,4,4975.277182,5475.040371,6130.736797,"[[0, 158, 134, 182, 125, 82, 129, 21, 119, 12, 156, 38, 127, 175, 39, 136, 90, 0], [0, 118, 71, 123, 199, 97, 128, 163, 145, 95, 88, 93, 191, 180, 131, 77, 116, 135, 0], [0, 197, 31, 52, 41, 14, 87, 126, 114, 165, 190, 96, 0, 68, 10, 56, 33, 0], [0, 110, 94, 170, 58, 141, 25, 164, 160, 100, 6, 53, 173, 168, 37, 104, 193, 167, 51, 80, 150, 142, 0], [0, 78, 74, 91, 35, 13, 151, 2, 157, 29, 111, 69, 121, 79, 59, 181, 57, 0], [0, 11, 34, 15, 81, 1, 194, 4, 102, 26, 30, 86, 174, 72, 138, 49, 46, 189, 67, 75, 0], [0, 140, 147, 133, 20, 98, 62, 192, 64, 66, 143, 166, 16, 120, 130, 122, 108, 179, 146, 107, 0], [0, 44, 185, 124, 99, 109, 50, 60, 139, 23, 105, 84, 48, 85, 103, 92, 0], [0, 47, 61, 186, 132, 117, 3, 188, 27, 176, 152, 70, 115, 17, 83, 149, 32, 113, 43, 155, 162, 18, 0, 196, 0], [0, 63, 24, 36, 154, 200, 159, 144, 42, 22, 106, 8, 9, 45, 153, 28, 137, 0]]","[[0, 187, 55, 198, 0, 178, 76, 195, 161, 0, 148, 184, 0], [0, 101, 0, 172, 0, 177, 0, 183, 0, 7, 0], [0, 171, 0, 169, 112, 0, 73, 5, 0, 0], [0, 65, 40, 0, 54, 19, 0, 89, 0]]",4975.277182,1915.315304,3688.567533,yes,10,4,87.4866,5249.196,45.3424
200.30.3,10,4,6495.951832,6563.903114,6656.022737,"[[0, 172, 76, 89, 132, 88, 125, 126, 190, 169, 91, 57, 50, 159, 141, 61, 128, 94, 93, 0, 124, 116, 200, 0], [0, 12, 177, 48, 31, 44, 148, 2, 58, 21, 15, 139, 196, 194, 0, 173, 0], [0, 19, 156, 100, 43, 37, 105, 77, 166, 24, 136, 149, 72, 153, 60, 0, 176, 143, 0], [0, 158, 23, 25, 109, 86, 81, 74, 129, 151, 135, 137, 33, 142, 193, 9, 79, 110, 101, 161, 184, 178, 28, 0, 198, 83, 0], [0, 96, 84, 146, 111, 119, 30, 62, 42, 40, 140, 121, 18, 197, 64, 114, 34, 0, 103, 8, 10, 0], [0, 87, 95, 183, 26, 63, 70, 54, 120, 118, 5, 32, 29, 113, 51, 39, 36, 180, 0, 192, 108, 0], [0, 17, 65, 35, 155, 150, 179, 53, 107, 131, 185, 14, 165, 175, 1, 82, 170, 0, 38, 0], [0, 47, 4, 117, 189, 73, 112, 80, 122, 69, 92, 127, 3, 68, 104, 0, 6, 187, 16, 145, 152, 66, 186, 182, 133, 0], [0, 167, 49, 164, 195, 99, 168, 106, 20, 75, 59, 163, 85, 160, 78, 11, 171, 0, 138, 0], [0, 181, 90, 97, 157, 188, 115, 134, 56, 45, 13, 154, 123, 0, 162, 67, 27, 22, 98, 174, 52, 0]]","[[0, 55, 147, 0, 7, 0], [0, 71, 0, 41, 0], [0, 130, 0, 144, 46, 0], [0, 199, 102, 0, 191, 0]]",6495.951832,1363.605011,3755.994801,yes,10,4,107.104,6426.24,41.1521
200.30.4,10,4,6140.785315,6238.965928,6315.479996,"[[0, 53, 182, 171, 165, 193, 63, 160, 79, 56, 95, 0, 70, 159, 37, 198, 0], [0, 143, 125, 20, 38, 186, 83, 76, 90, 69, 163, 154, 188, 71, 170, 119, 88, 155, 84, 31, 0, 77, 0], [0, 150, 173, 139, 6, 110, 58, 178, 21, 183, 78, 142, 55, 149, 104, 64, 0, 89, 157, 4, 190, 0], [0, 115, 108, 52, 11, 196, 94, 167, 140, 93, 30, 106, 111, 116, 24, 161, 41, 168, 67, 175, 124, 137, 0], [0, 176, 32, 144, 162, 133, 15, 180, 7, 191, 29, 19, 112, 34, 146, 49, 134, 47, 132, 0, 87, 0], [0, 42, 48, 103, 130, 99, 169, 74, 179, 72, 118, 62, 102, 131, 109, 33, 197, 0], [0, 114, 54, 22, 14, 45, 13, 91, 39, 100, 194, 0, 25, 18, 17, 120, 86, 28, 153, 117, 12, 129, 60, 158, 0], [0, 113, 81, 8, 16, 187, 189, 96, 27, 85, 147, 51, 174, 136, 164, 36, 44, 0, 50, 121, 195, 0], [0, 35, 127, 2, 141, 152, 105, 59, 9, 75, 181, 66, 82, 148, 126, 0, 26, 0], [0, 65, 98, 145, 57, 43, 138, 122, 128, 123, 135, 92, 172, 68, 97, 0, 192, 0]]","[[0, 40, 0, 184, 10, 0, 107, 46, 0], [0, 61, 5, 0, 3, 0, 156, 0, 23, 0], [0, 177, 0, 80, 199, 0, 73, 0, 166, 0], [0, 151, 200, 0, 101, 0, 1, 0, 185, 0]]",6140.785315,2279.673348,3572.703185,yes,10,4,103.0893,6185.358,46.3323
200.40.1,10,4,9564.538922,9600.621336,9661.010987,"[[0, 170, 120, 40, 97, 34, 127, 145, 181, 42, 131, 0, 155, 159, 121, 6, 184, 101, 16, 194, 0], [0, 167, 53, 162, 128, 60, 41, 46, 105, 113, 89, 100, 0, 183, 48, 17, 20, 169, 37, 0], [0, 94, 191, 98, 186, 69, 137, 193, 75, 10, 0, 49, 164, 73, 195, 95, 133, 149, 117, 190, 56, 0], [0, 111, 148, 110, 173, 198, 116, 199, 134, 180, 39, 0, 115, 78, 125, 175, 197, 107, 0], [0, 138, 141, 172, 112, 35, 140, 31, 86, 74, 0, 92, 146, 179, 188, 13, 176, 0], [0, 18, 158, 187, 67, 81, 153, 19, 142, 91, 70, 77, 11, 0, 59, 26, 136, 80, 83, 163, 32, 65, 84, 87, 192, 122, 0], [0, 171, 161, 5, 24, 72, 139, 174, 165, 7, 50, 0, 30, 36, 109, 154, 143, 66, 55, 152, 0], [0, 64, 124, 4, 157, 79, 123, 177, 9, 118, 0, 93, 178, 23, 61, 166, 33, 82, 104, 57, 76, 126, 147, 144, 0], [0, 182, 43, 103, 51, 185, 8, 52, 68, 21, 27, 196, 119, 0, 108, 58, 151, 189, 106, 168, 0], [0, 85, 15, 71, 99, 38, 114, 44, 150, 160, 1, 47, 25, 14, 0, 62, 200, 22, 45, 132, 90, 130, 28, 0]]","[[0, 129, 135, 0], [0, 3, 2, 0, 88, 54, 0], [0, 102, 12, 156, 0, 63, 0], [0, 29, 96, 0]]",9564.538922,1153.439951,3398.493325,yes,10,4,157.7066,9462.396,46.434
200.40.2,10,4,9508.758893,9660.478812,9724.986760,"[[0, 148, 153, 120, 97, 151, 22, 76, 93, 184, 9, 115, 0, 127, 163, 123, 6, 36, 21, 4, 136, 50, 171, 99, 11, 0], [0, 18, 196, 74, 177, 147, 198, 152, 167, 19, 0, 110, 183, 47, 73, 0], [0, 20, 187, 131, 65, 77, 12, 122, 91, 0, 139, 68, 126, 166, 180, 90, 80, 128, 29, 170, 2, 174, 0], [0, 182, 75, 144, 181, 81, 146, 138, 142, 33, 78, 175, 133, 0, 54, 67, 130, 23, 98, 42, 0], [0, 43, 17, 194, 113, 31, 141, 156, 84, 132, 0, 7, 168, 89, 176, 124, 119, 157, 160, 8, 70, 0], [0, 83, 155, 121, 35, 58, 137, 199, 46, 143, 59, 108, 0, 103, 105, 102, 86, 56, 104, 10, 172, 38, 0], [0, 107, 66, 53, 190, 125, 197, 85, 57, 44, 0, 178, 169, 189, 62, 32, 149, 37, 129, 193, 96, 0], [0, 185, 87, 60, 100, 195, 71, 150, 26, 135, 55, 161, 173, 192, 0, 106, 41, 51, 16, 200, 162, 24, 0], [0, 109, 117, 61, 112, 79, 165, 13, 1, 186, 34, 0, 3, 179, 88, 118, 28, 49, 48, 5, 52, 0], [0, 45, 40, 116, 145, 140, 30, 82, 72, 0, 64, 154, 15, 164, 158, 27, 111, 114, 188, 95, 14, 0]]","[[0, 39, 101, 134, 0], [0, 159, 0, 63, 0], [0, 0, 69, 191, 0], [0, 94, 92, 25, 0]]",9508.758893,1182.207826,3460.518106,yes,10,4,158.4633,9507.798,42.499
200.40.3,10,4,9424.312566,9510.447192,9686.259856,"[[0, 129, 55, 117, 48, 173, 85, 163, 157, 4, 124, 126, 125, 87, 175, 0, 130, 0], [0, 159, 140, 101, 119, 192, 181, 165, 92, 0, 7, 169, 91, 6, 197, 51, 155, 143, 74, 183, 33, 22, 32, 10, 70, 0], [0, 139, 17, 78, 112, 89, 82, 153, 64, 0, 152, 86, 11, 43, 9, 114, 62, 28, 128, 0], [0, 185, 178, 195, 65, 121, 30, 58, 147, 38, 68, 90, 194, 71, 0, 142, 93, 25, 106, 41, 40, 103, 45, 66, 0], [0, 113, 1, 56, 61, 2, 21, 166, 133, 46, 167, 75, 44, 144, 0, 12, 146, 108, 77, 107, 54, 177, 14, 171, 88, 23, 0], [0, 122, 160, 111, 174, 170, 131, 199, 134, 99, 60, 168, 73, 0, 141, 176, 19, 63, 0], [0, 15, 200, 100, 69, 116, 96, 16, 190, 148, 94, 120, 59, 180, 0, 53, 50, 52, 20, 198, 31, 0], [0, 67, 164, 35, 27, 145, 47, 156, 123, 154, 18, 191, 0, 158, 182, 187, 79, 102, 115, 42, 57, 97, 149, 0], [0, 5, 95, 136, 36, 172, 76, 109, 0, 151, 105, 39, 72, 84, 186, 81, 162, 135, 0], [0, 150, 196, 184, 34, 138, 193, 110, 13, 137, 26, 127, 8, 80, 0, 37, 98, 49, 179, 29, 118, 188, 104, 132, 0]]","[[0, 83, 0], [0, 3, 0], [0, 161, 24, 0], [0, 189, 0]]",9424.312566,682.826256,3210.229920,yes,10,4,156.7631,9405.786,52.7471
200.40.4,10,4,9352.672266,9450.455794,9572.262264,"[[0, 176, 95, 167, 101, 25, 14, 140, 160, 12, 5, 80, 72, 0, 54, 70, 169, 131, 184, 133, 37, 26, 123, 0], [0, 186, 129, 100, 145, 135, 93, 90, 96, 73, 83, 198, 98, 162, 15, 31, 153, 0, 199, 200, 166, 104, 46, 173, 0], [0, 121, 59, 87, 79, 155, 112, 122, 115, 150, 183, 171, 106, 194, 3, 128, 40, 0, 165, 134, 56, 137, 45, 1, 53, 168, 116, 49, 97, 0], [0, 38, 77, 36, 127, 124, 52, 58, 172, 64, 42, 0, 143, 75, 63, 17, 161, 0], [0, 132, 148, 149, 18, 147, 158, 119, 138, 113, 0, 182, 76, 11, 85, 57, 88, 109, 27, 69, 0], [0, 180, 10, 74, 51, 185, 21, 187, 102, 130, 62, 99, 44, 0, 81, 23, 111, 39, 175, 157, 4, 154, 60, 66, 170, 178, 29, 86, 0], [0, 82, 91, 192, 13, 159, 125, 50, 142, 196, 84, 0, 7, 48, 8, 6, 0], [0, 67, 33, 174, 35, 141, 68, 94, 28, 24, 108, 181, 89, 139, 126, 0, 2, 177, 22, 146, 71, 61, 0], [0, 41, 78, 152, 197, 151, 32, 107, 105, 0, 47, 30, 144, 0], [0, 195, 136, 34, 188, 117, 179, 189, 16, 118, 120, 163, 193, 43, 0, 191, 164, 103, 9, 190, 19, 156, 92, 55, 20, 0]]","[[0, 65, 0], [0, 114, 0], [0, 110, 0], [0]]",9352.672266,225.545887,3284.470400,yes,10,4,155.5928,9335.568,46.5301
500.10.1,10,10,1850.733747,1850.733747,1850.733747,"[[0, 481, 124, 367, 29, 272, 51, 231, 74, 228, 335, 27, 273, 414, 216, 64, 456, 497, 33, 309, 457, 310, 280, 185, 63, 281, 218, 8, 259, 469, 289, 208, 418, 465, 122, 45, 60, 179, 0], [0, 395, 299, 184, 362, 306, 114, 223, 83, 489, 295, 86, 302, 106, 372, 187, 384, 471, 148, 81, 486, 54, 386, 30, 215, 201, 419, 329, 286, 143, 440, 473, 79, 449, 483, 352, 248, 347, 159, 0], [0, 53, 56, 344, 377, 130, 354, 288, 348, 428, 85, 333, 141, 40, 319, 168, 175, 492, 42, 470, 119, 475, 146, 107, 460, 425, 180, 182, 111, 398, 169, 318, 266, 246, 458, 407, 257, 353, 424, 44, 212, 0], [0, 387, 412, 339, 365, 379, 447, 394, 445, 236, 351, 389, 317, 485, 404, 152, 94, 292, 139, 392, 374, 78, 19, 366, 261, 254, 381, 12, 393, 149, 323, 463, 38, 93, 206, 433, 67, 244, 328, 15, 490, 37, 0], [0, 97, 493, 284, 415, 147, 294, 155, 494, 57, 243, 41, 234, 138, 399, 437, 267, 409, 256, 304, 276, 474, 303, 426, 382, 198, 496, 338, 301, 402, 191, 340, 363, 0], [0, 113, 207, 464, 164, 24, 322, 162, 495, 360, 441, 357, 108, 380, 176, 194, 61, 55, 77, 320, 70, 121, 341, 120, 219, 82, 444, 247, 10, 158, 427, 300, 314, 375, 133, 80, 0], [0, 103, 346, 209, 220, 431, 25, 270, 262, 252, 21, 349, 255, 484, 383, 271, 305, 47, 204, 274, 6, 73, 410, 178, 260, 235, 479, 95, 160, 327, 127, 240, 0], [0, 71, 237, 137, 28, 325, 436, 112, 189, 334, 312, 350, 31, 238, 167, 249, 499, 35, 330, 411, 104, 450, 195, 400, 233, 446, 65, 442, 263, 313, 388, 7, 229, 476, 477, 355, 132, 0], [0, 59, 439, 183, 90, 277, 118, 371, 68, 364, 105, 488, 156, 253, 49, 429, 491, 210, 211, 115, 420, 226, 100, 110, 224, 416, 391, 26, 307, 3, 62, 422, 297, 11, 308, 46, 356, 311, 34, 172, 2, 87, 199, 359, 279, 296, 251, 343, 0], [0, 222, 403, 58, 268, 500, 358, 150, 461, 331, 342, 136, 157, 102, 171, 332, 298, 265, 20, 101, 345, 192, 14, 423, 316, 269, 200, 75, 432, 117, 69, 472, 396, 153, 264, 370, 89, 99, 258, 406, 225, 385, 98, 369, 430, 109, 0]]","[[0, 242, 144, 116, 205, 0, 88, 448, 451, 0, 287, 177, 467, 0, 140, 0, 196, 186, 397, 0], [0, 129, 190, 0, 321, 96, 17, 0, 214, 336, 92, 91, 0, 170, 217, 0, 0], [0, 39, 417, 213, 0, 32, 452, 0, 401, 378, 0, 376, 480, 405, 0], [0, 145, 459, 18, 16, 241, 0, 390, 408, 0, 151, 50, 232, 0, 324, 0, 1, 283, 0], [0, 221, 165, 174, 36, 478, 0, 193, 131, 13, 0, 421, 0, 275, 453, 361, 0], [0, 290, 468, 227, 0, 434, 0, 128, 123, 0, 282, 373, 0, 438, 0], [0, 181, 154, 0, 166, 135, 0, 125, 368, 443, 48, 9, 0, 462, 0, 315, 278, 0, 293, 0, 173, 0], [0, 413, 285, 326, 0, 76, 498, 0, 0, 4, 0, 203, 487, 163, 0, 161, 337, 0], [0, 188, 66, 202, 5, 0, 435, 84, 0, 197, 52, 291, 0, 22, 239, 454, 0, 72, 250, 0], [0, 482, 0, 466, 230, 455, 0, 43, 134, 142, 0, 126, 23, 0, 245, 0]]",1850.733747,1838.244772,1333.118000,yes,10,10,29.6933,1781.598,734.8496
500.10.2,10,10,1828.815489,1828.815489,1828.815489,"[[0, 180, 260, 279, 164, 402, 191, 37, 336, 96, 152, 430, 441, 158, 382, 64, 449, 227, 74, 166, 351, 114, 249, 378, 363, 81, 139, 277, 133, 463, 120, 457, 92, 496, 0], [0, 367, 414, 303, 466, 344, 291, 296, 453, 23, 51, 432, 492, 103, 495, 241, 306, 7, 289, 32, 170, 311, 76, 394, 462, 395, 177, 489, 300, 63, 410, 154, 388, 387, 10, 500, 22, 136, 372, 19, 0], [0, 358, 262, 29, 456, 246, 347, 436, 185, 471, 324, 390, 214, 221, 354, 169, 318, 333, 174, 434, 299, 245, 222, 179, 70, 145, 118, 212, 161, 82, 33, 448, 66, 252, 250, 62, 494, 225, 0], [0, 487, 308, 153, 405, 223, 337, 472, 235, 259, 77, 342, 107, 316, 483, 320, 282, 468, 356, 335, 412, 348, 248, 87, 218, 100, 193, 143, 292, 384, 283, 304, 0], [0, 305, 418, 55, 428, 381, 91, 345, 130, 386, 190, 85, 80, 325, 123, 94, 115, 484, 173, 365, 440, 413, 147, 95, 25, 417, 101, 84, 437, 322, 407, 482, 357, 211, 215, 379, 157, 269, 189, 30, 0], [0, 238, 290, 9, 327, 251, 186, 149, 141, 4, 443, 182, 3, 201, 54, 111, 493, 478, 148, 137, 163, 99, 21, 38, 79, 57, 389, 391, 297, 65, 210, 319, 13, 126, 256, 444, 40, 6, 0], [0, 416, 459, 67, 50, 334, 338, 424, 461, 247, 439, 220, 302, 451, 243, 20, 105, 228, 45, 181, 97, 240, 355, 329, 374, 331, 131, 330, 396, 254, 199, 197, 113, 26, 110, 230, 135, 162, 44, 11, 176, 39, 0], [0, 332, 458, 202, 159, 59, 490, 8, 187, 104, 112, 400, 78, 217, 385, 257, 232, 272, 106, 42, 192, 317, 47, 183, 454, 455, 43, 27, 350, 116, 233, 273, 376, 499, 446, 377, 294, 266, 429, 491, 73, 261, 423, 1, 473, 0], [0, 208, 132, 90, 404, 102, 267, 56, 234, 359, 236, 93, 470, 125, 392, 204, 61, 53, 167, 485, 408, 121, 353, 156, 265, 253, 310, 341, 17, 460, 24, 270, 68, 403, 360, 280, 119, 477, 286, 0], [0, 264, 207, 203, 171, 36, 12, 393, 445, 366, 144, 213, 226, 422, 371, 309, 362, 58, 127, 271, 258, 497, 415, 28, 216, 263, 369, 194, 219, 155, 34, 109, 435, 0]]","[[0, 229, 255, 5, 0, 198, 0, 346, 0, 244, 343, 469, 0, 352, 46, 479, 0, 151, 442, 0, 124, 0], [0, 426, 314, 0, 242, 298, 427, 0, 15, 421, 146, 71, 0, 175, 340, 0, 361, 196, 0, 41, 0], [0, 397, 0, 486, 168, 0, 321, 224, 438, 128, 14, 0, 326, 31, 0, 117, 465, 0, 398, 0], [0, 481, 150, 0, 275, 75, 0, 281, 195, 0, 89, 274, 313, 0, 86, 295, 0], [0, 142, 301, 433, 0, 209, 293, 312, 328, 0, 2, 0, 498, 18, 160, 0, 206, 0], [0, 140, 205, 284, 420, 339, 0, 178, 409, 447, 0, 475, 323, 0, 98, 349, 450, 0], [0, 419, 231, 464, 0, 200, 16, 0, 476, 138, 278, 49, 0, 383, 83, 0, 239, 0], [0, 165, 368, 69, 425, 0, 480, 467, 452, 474, 0, 184, 364, 0, 48, 0, 108, 60, 0], [0, 285, 406, 288, 0, 488, 411, 134, 307, 0, 380, 88, 370, 0, 122, 373, 0, 52, 401, 276, 0], [0, 188, 268, 375, 172, 0, 237, 399, 0, 287, 431, 129, 0, 315, 35, 0, 72, 0]]",1828.815489,1827.123318,1373.928059,yes,10,10,29.4456,1766.736,832.4015
500.10.3,10,10,1839.239855,1839.239855,1839.239855,"[[0, 133, 479, 357, 131, 153, 164, 251, 297, 194, 289, 381, 473, 359, 222, 304, 446, 96, 376, 424, 12, 452, 316, 122, 247, 354, 180, 139, 363, 438, 112, 343, 0], [0, 101, 472, 384, 407, 239, 437, 86, 448, 106, 138, 415, 159, 215, 70, 8, 169, 409, 480, 397, 483, 344, 245, 196, 29, 295, 91, 332, 197, 73, 475, 364, 322, 44, 455, 400, 267, 0], [0, 95, 456, 449, 405, 408, 140, 110, 223, 278, 342, 318, 233, 460, 76, 490, 296, 484, 63, 340, 382, 37, 231, 392, 366, 422, 406, 441, 22, 202, 370, 160, 347, 144, 15, 113, 451, 283, 69, 71, 261, 387, 308, 127, 485, 330, 367, 0], [0, 385, 232, 23, 293, 203, 471, 282, 461, 195, 59, 105, 487, 493, 214, 176, 97, 355, 92, 428, 38, 492, 259, 431, 434, 300, 118, 398, 271, 199, 495, 442, 307, 279, 285, 178, 257, 305, 77, 433, 496, 403, 411, 0], [0, 444, 74, 111, 429, 234, 82, 98, 93, 116, 277, 53, 207, 81, 243, 388, 154, 339, 42, 67, 325, 273, 380, 136, 166, 189, 262, 310, 386, 276, 337, 205, 298, 13, 183, 114, 187, 459, 372, 61, 335, 237, 0], [0, 1, 320, 389, 290, 345, 379, 219, 198, 464, 288, 25, 287, 383, 500, 206, 352, 253, 56, 263, 32, 254, 268, 395, 65, 27, 179, 120, 274, 375, 469, 440, 482, 338, 413, 142, 54, 454, 312, 270, 326, 365, 319, 0], [0, 272, 420, 216, 238, 225, 103, 361, 171, 240, 393, 445, 264, 450, 51, 374, 435, 123, 108, 275, 150, 79, 43, 362, 88, 129, 64, 221, 33, 377, 436, 177, 125, 75, 299, 167, 0], [0, 498, 306, 163, 416, 49, 66, 432, 333, 224, 228, 48, 281, 134, 250, 244, 145, 248, 241, 284, 353, 173, 104, 423, 209, 218, 470, 477, 184, 57, 185, 34, 323, 396, 72, 236, 329, 217, 0], [0, 331, 227, 430, 90, 168, 188, 252, 128, 421, 303, 269, 334, 47, 55, 466, 478, 346, 360, 84, 458, 192, 439, 62, 465, 85, 410, 155, 117, 193, 476, 255, 40, 246, 350, 89, 0], [0, 11, 419, 7, 358, 328, 60, 45, 18, 94, 399, 182, 294, 135, 200, 175, 46, 309, 467, 172, 204, 146, 35, 156, 10, 16, 494, 349, 126, 157, 99, 31, 0]]","[[0, 481, 9, 242, 0, 109, 39, 58, 417, 26, 324, 0, 414, 78, 265, 0, 151, 0, 378, 256, 0], [0, 258, 107, 426, 0, 447, 390, 0, 147, 100, 402, 0, 14, 0], [0, 404, 170, 0, 351, 87, 0, 4, 327, 0, 30, 181, 191, 0], [0, 68, 201, 0, 230, 83, 356, 0, 174, 149, 0, 488, 229, 17, 0, 41, 137, 0], [0, 102, 0, 6, 457, 121, 0, 368, 3, 453, 0, 286, 311, 0, 418, 301, 369, 0, 291, 20, 427, 321, 401, 0, 474, 0], [0, 130, 0, 336, 313, 0, 36, 371, 50, 443, 412, 0, 315, 499, 0, 425, 0], [0, 212, 2, 19, 0, 468, 463, 161, 0, 249, 302, 152, 0, 132, 0, 280, 0, 0, 210, 314, 0], [0, 220, 80, 497, 0, 52, 190, 119, 0, 486, 0, 186, 158, 0, 165, 115, 5, 213, 0], [0, 341, 0, 226, 491, 162, 235, 489, 0, 394, 0, 141, 0, 462, 0], [0, 391, 21, 373, 0, 24, 348, 143, 0, 28, 317, 0, 211, 266, 0, 292, 148, 208, 0, 260, 124, 0]]",1839.239855,1838.22852,1485.906499,yes,10,10,29.7666,1785.996,1138.0317
500.10.4,10,10,1865.783516,1865.783516,1865.783516,"[[0, 192, 297, 318, 147, 449, 115, 296, 351, 427, 128, 38, 268, 370, 428, 312, 380, 369, 490, 299, 242, 190, 413, 243, 291, 121, 8, 303, 10, 89, 40, 213, 347, 295, 457, 9, 439, 289, 138, 459, 310, 353, 314, 0], [0, 68, 272, 140, 481, 407, 202, 500, 322, 198, 39, 163, 231, 13, 71, 374, 410, 214, 24, 276, 98, 355, 123, 99, 136, 275, 273, 354, 237, 456, 75, 170, 131, 280, 432, 0], [0, 66, 150, 381, 14, 345, 411, 277, 425, 55, 160, 300, 30, 73, 281, 186, 433, 401, 143, 492, 12, 166, 69, 230, 313, 316, 156, 236, 238, 171, 33, 479, 329, 387, 200, 78, 80, 0], [0, 84, 85, 165, 86, 365, 366, 363, 255, 53, 442, 167, 227, 225, 252, 251, 496, 499, 146, 331, 396, 445, 337, 124, 400, 406, 181, 50, 87, 172, 311, 239, 92, 462, 82, 1, 60, 495, 438, 0], [0, 215, 434, 96, 256, 414, 257, 21, 469, 435, 56, 421, 279, 247, 254, 395, 161, 424, 393, 20, 168, 412, 286, 288, 307, 431, 471, 399, 324, 152, 0], [0, 22, 159, 62, 259, 473, 282, 233, 388, 405, 386, 315, 308, 409, 260, 184, 127, 448, 261, 155, 452, 101, 357, 11, 144, 334, 465, 390, 346, 317, 191, 221, 403, 97, 182, 229, 205, 0], [0, 321, 203, 118, 468, 228, 34, 483, 487, 63, 197, 183, 493, 234, 437, 494, 474, 164, 32, 263, 36, 220, 379, 330, 241, 137, 3, 217, 93, 114, 47, 444, 145, 430, 436, 429, 79, 94, 0], [0, 285, 196, 107, 189, 187, 486, 397, 364, 59, 446, 157, 120, 100, 267, 212, 149, 46, 126, 31, 130, 148, 25, 391, 132, 104, 245, 153, 477, 453, 19, 342, 23, 224, 339, 35, 103, 248, 394, 17, 0], [0, 470, 463, 201, 116, 44, 335, 270, 106, 91, 83, 371, 262, 298, 51, 211, 174, 392, 361, 125, 319, 284, 135, 74, 81, 269, 488, 367, 472, 207, 162, 333, 328, 54, 226, 194, 301, 478, 193, 117, 151, 497, 199, 185, 0], [0, 65, 356, 338, 460, 290, 320, 484, 139, 43, 52, 451, 134, 455, 480, 306, 48, 250, 344, 404, 246, 154, 368, 454, 177, 204, 4, 325, 422, 175, 358, 249, 266, 482, 402, 222, 447, 383, 467, 72, 323, 372, 375, 2, 173, 0]]","[[0, 458, 359, 129, 0, 37, 0, 142, 450, 0, 15, 253, 0, 293, 180, 0, 360, 341, 0], [0, 350, 382, 216, 26, 0, 340, 0, 176, 271, 0, 111, 169, 0, 283, 0, 232, 0, 158, 0], [0, 476, 485, 332, 0, 206, 110, 0, 57, 498, 90, 376, 0, 88, 309, 440, 0, 464, 0], [0, 416, 210, 461, 0, 417, 418, 208, 302, 112, 0, 274, 423, 108, 42, 113, 0, 0, 6, 29, 0], [0, 305, 384, 179, 0, 258, 0, 45, 489, 0, 76, 0, 420, 64, 0], [0, 28, 122, 398, 0, 27, 426, 385, 0, 188, 475, 0, 336, 105, 0, 77, 377, 0], [0, 415, 102, 326, 343, 0, 209, 348, 5, 0, 141, 264, 0, 16, 443, 41, 0, 61, 0], [0, 408, 95, 294, 70, 389, 0, 223, 265, 0, 109, 0, 278, 287, 0, 133, 219, 0], [0, 7, 419, 218, 0, 119, 0, 491, 178, 0, 58, 352, 0, 18, 235, 0], [0, 373, 378, 49, 244, 240, 0, 362, 327, 349, 304, 0, 441, 195, 466, 0, 292, 0, 67, 0]]",1865.783516,1859.012744,1243.698043,yes,10,10,29.4979,1769.874,1005.8377
500.20.1,10,10,3823.232088,3823.232088,3823.232088,"[[0, 7, 320, 495, 24, 369, 95, 64, 408, 316, 489, 375, 48, 364, 158, 425, 490, 295, 288, 358, 130, 308, 183, 29, 55, 296, 203, 27, 179, 453, 10, 265, 322, 421, 0], [0, 124, 383, 234, 230, 418, 377, 497, 70, 442, 410, 466, 478, 443, 329, 281, 79, 101, 278, 274, 67, 332, 401, 25, 63, 5, 145, 399, 207, 211, 106, 417, 39, 423, 252, 141, 22, 131, 310, 239, 293, 170, 71, 263, 0], [0, 218, 361, 195, 461, 173, 108, 58, 122, 194, 351, 287, 109, 471, 60, 237, 365, 393, 54, 282, 319, 4, 116, 32, 18, 470, 36, 381, 317, 480, 202, 15, 455, 113, 190, 221, 19, 136, 341, 41, 338, 347, 321, 0], [0, 26, 405, 498, 73, 326, 264, 205, 164, 488, 362, 93, 366, 204, 352, 458, 292, 168, 343, 402, 323, 94, 413, 80, 483, 290, 240, 473, 309, 243, 40, 9, 404, 118, 451, 280, 45, 227, 314, 389, 98, 491, 0], [0, 140, 99, 306, 175, 150, 61, 284, 486, 422, 474, 336, 47, 324, 255, 330, 17, 14, 31, 482, 390, 370, 297, 245, 231, 157, 403, 161, 121, 146, 251, 223, 271, 299, 144, 103, 125, 359, 200, 303, 0], [0, 249, 86, 411, 400, 33, 257, 176, 11, 49, 304, 78, 127, 87, 137, 185, 294, 102, 445, 210, 107, 247, 259, 286, 384, 155, 174, 339, 236, 34, 388, 475, 305, 82, 344, 0], [0, 159, 143, 307, 81, 225, 165, 214, 74, 133, 254, 166, 457, 115, 160, 75, 153, 492, 142, 302, 436, 262, 409, 192, 242, 191, 46, 8, 269, 318, 16, 53, 273, 432, 258, 110, 499, 151, 35, 328, 395, 440, 0], [0, 260, 50, 414, 154, 163, 354, 337, 72, 353, 434, 437, 228, 441, 92, 376, 472, 167, 224, 23, 91, 426, 261, 360, 416, 149, 464, 415, 392, 104, 313, 208, 59, 363, 232, 325, 117, 334, 469, 162, 298, 468, 431, 189, 0], [0, 119, 333, 213, 391, 460, 476, 439, 212, 68, 462, 291, 368, 65, 448, 148, 385, 13, 180, 463, 335, 394, 371, 315, 138, 215, 355, 171, 433, 349, 83, 250, 430, 312, 238, 0], [0, 85, 186, 181, 283, 105, 97, 397, 2, 382, 182, 69, 301, 279, 57, 206, 428, 187, 193, 272, 311, 456, 90, 233, 209, 435, 12, 129, 222, 267, 66, 447, 220, 134, 277, 285, 28, 128, 420, 135, 199, 484, 0]]","[[0, 340, 275, 270, 0, 77, 51, 0, 197, 412, 0, 357, 229, 0, 487, 0, 396, 0], [0, 450, 0, 465, 0, 449, 0, 380, 201, 0, 378, 0, 1, 289, 0], [0, 139, 152, 216, 0, 438, 196, 493, 0, 6, 494, 0, 345, 241, 477, 0, 37, 0, 485, 0], [0, 88, 0, 386, 219, 0, 76, 246, 0, 172, 0, 356, 0, 44, 0, 331, 126, 0, 84, 429, 0], [0, 379, 479, 0, 89, 276, 0, 300, 0, 348, 342, 0, 444, 188, 0, 178, 0, 112, 0], [0, 467, 156, 244, 147, 0, 406, 62, 0, 184, 0, 52, 177, 0, 350, 0, 132, 169, 0, 217, 0], [0, 398, 3, 373, 226, 372, 0, 111, 268, 387, 0, 100, 0, 21, 0, 446, 0, 346, 253, 367, 0, 248, 0], [0, 327, 38, 0, 256, 198, 0, 454, 500, 0, 452, 0, 459, 407, 0, 481, 496, 0], [0, 424, 0, 96, 0, 56, 0, 43, 0, 42, 0, 427, 0, 419, 0], [0, 114, 0, 123, 20, 0, 120, 0, 374, 0, 235, 0, 266, 0, 30, 0]]",3823.232088,3805.91818,1948.882716,yes,10,10,62.5875,3755.25,789.5254
500.20.2,10,10,3918.218383,3918.218383,3918.218383,"[[0, 231, 360, 458, 414, 69, 145, 206, 273, 65, 338, 429, 267, 135, 387, 319, 366, 327, 82, 37, 278, 285, 99, 408, 498, 302, 350, 248, 426, 382, 359, 260, 489, 182, 216, 243, 91, 186, 138, 177, 4, 334, 288, 0], [0, 315, 94, 60, 77, 157, 468, 264, 211, 121, 256, 27, 41, 255, 463, 12, 232, 173, 423, 79, 357, 404, 392, 39, 190, 450, 337, 105, 407, 191, 436, 149, 1, 180, 371, 416, 370, 355, 106, 220, 122, 399, 63, 98, 456, 317, 147, 393, 90, 349, 478, 188, 193, 0], [0, 291, 479, 477, 59, 419, 451, 13, 179, 372, 40, 310, 205, 56, 237, 311, 22, 11, 473, 300, 247, 148, 309, 192, 484, 374, 418, 390, 323, 439, 204, 128, 244, 376, 448, 486, 301, 152, 0], [0, 488, 453, 481, 313, 440, 198, 361, 126, 24, 75, 6, 475, 174, 119, 253, 38, 14, 269, 172, 67, 413, 250, 185, 348, 140, 137, 139, 446, 96, 362, 421, 380, 353, 221, 342, 476, 442, 7, 358, 364, 0], [0, 224, 36, 238, 5, 26, 134, 251, 164, 347, 131, 474, 292, 214, 435, 109, 482, 166, 367, 71, 136, 279, 2, 431, 73, 466, 74, 100, 163, 307, 141, 20, 499, 76, 0], [0, 345, 422, 162, 154, 492, 207, 240, 275, 62, 383, 16, 233, 28, 433, 441, 236, 118, 411, 64, 203, 53, 410, 483, 328, 254, 454, 294, 17, 178, 31, 465, 318, 44, 297, 351, 114, 0], [0, 8, 86, 437, 52, 199, 452, 321, 161, 335, 324, 379, 368, 495, 115, 272, 326, 142, 113, 241, 354, 464, 427, 125, 176, 156, 95, 303, 29, 200, 215, 83, 389, 117, 129, 373, 30, 290, 330, 120, 246, 48, 343, 32, 226, 45, 235, 66, 268, 0], [0, 344, 332, 305, 494, 101, 262, 42, 461, 287, 401, 377, 391, 103, 428, 3, 306, 363, 459, 111, 201, 331, 33, 425, 276, 159, 352, 249, 10, 386, 239, 470, 282, 170, 151, 242, 43, 202, 110, 35, 89, 263, 277, 0], [0, 432, 234, 124, 171, 168, 265, 47, 443, 388, 222, 449, 194, 112, 445, 462, 438, 87, 293, 289, 356, 51, 400, 217, 25, 184, 266, 130, 15, 116, 412, 395, 0], [0, 434, 183, 312, 325, 132, 405, 320, 406, 394, 493, 58, 469, 415, 490, 84, 378, 497, 457, 402, 430, 78, 396, 167, 175, 158, 230, 257, 472, 322, 49, 228, 133, 146, 223, 209, 286, 384, 81, 0]]","[[0, 72, 314, 0, 181, 281, 0, 169, 496, 0, 336, 104, 0, 485, 80, 0, 108, 0, 258, 0], [0, 123, 218, 487, 0, 143, 55, 0, 189, 0, 444, 0, 280, 144, 0, 316, 308, 0], [0, 329, 19, 447, 0, 420, 252, 18, 0, 460, 0, 46, 21, 0, 298, 0], [0, 97, 150, 261, 0, 304, 197, 0, 339, 213, 0, 455, 0, 92, 0], [0, 245, 0, 212, 424, 0, 299, 68, 0, 23, 0, 381, 0, 295, 0], [0, 271, 0, 61, 0, 88, 0, 34, 403, 385, 0, 369, 341, 0, 229, 0, 375, 196, 0], [0, 153, 107, 398, 93, 0, 160, 0, 491, 0, 500, 0, 165, 195, 0, 270, 0], [0, 70, 85, 225, 480, 0, 397, 57, 284, 0, 210, 417, 0, 227, 0], [0, 296, 365, 102, 0, 9, 0, 54, 0, 283, 0], [0, 471, 340, 467, 219, 0, 409, 0, 127, 208, 346, 0, 274, 259, 0, 187, 333, 155, 0, 50, 0]]",3918.218383,3002.689557,2720.848592,yes,10,10,63.0887,3785.322,845.4651
500.20.3,10,10,3982.329589,3982.329589,3982.329589,"[[0, 103, 264, 289, 133, 86, 149, 317, 15, 80, 105, 150, 351, 306, 428, 310, 153, 49, 311, 347, 73, 126, 315, 44, 328, 487, 119, 141, 97, 488, 204, 220, 87, 98, 99, 37, 109, 163, 491, 451, 457, 45, 216, 43, 123, 0], [0, 268, 214, 188, 187, 225, 164, 332, 112, 298, 247, 260, 134, 372, 194, 53, 359, 159, 363, 498, 170, 89, 142, 129, 340, 200, 422, 321, 378, 100, 174, 440, 323, 57, 242, 95, 399, 29, 436, 459, 199, 189, 113, 52, 309, 209, 178, 0], [0, 406, 115, 296, 132, 145, 131, 64, 249, 419, 324, 300, 205, 85, 362, 203, 346, 5, 60, 471, 269, 415, 156, 106, 400, 108, 19, 41, 243, 326, 272, 486, 0], [0, 434, 456, 63, 381, 96, 421, 273, 184, 455, 20, 391, 39, 224, 495, 231, 293, 376, 493, 443, 294, 492, 401, 161, 329, 168, 366, 246, 331, 177, 469, 219, 27, 36, 295, 313, 483, 379, 470, 303, 232, 148, 102, 23, 192, 101, 0], [0, 458, 72, 124, 330, 280, 432, 90, 35, 75, 336, 320, 211, 210, 207, 437, 172, 267, 146, 22, 234, 11, 497, 496, 345, 6, 218, 275, 481, 417, 206, 413, 435, 297, 439, 202, 104, 59, 83, 393, 92, 4, 240, 0], [0, 212, 333, 68, 118, 180, 431, 237, 283, 341, 441, 197, 489, 28, 385, 452, 70, 201, 93, 386, 445, 114, 477, 373, 259, 494, 442, 235, 286, 312, 468, 485, 369, 314, 139, 0], [0, 371, 490, 349, 480, 2, 258, 327, 173, 162, 365, 154, 181, 397, 384, 17, 414, 355, 392, 453, 423, 499, 262, 34, 54, 319, 217, 290, 116, 325, 222, 10, 253, 257, 32, 408, 266, 252, 24, 208, 0], [0, 476, 395, 426, 389, 261, 213, 265, 221, 484, 352, 364, 425, 7, 433, 274, 380, 155, 334, 48, 270, 250, 58, 308, 18, 91, 449, 357, 438, 61, 62, 339, 122, 167, 144, 190, 287, 343, 183, 121, 370, 472, 196, 473, 0], [0, 304, 409, 255, 322, 404, 8, 263, 407, 284, 238, 367, 12, 398, 33, 410, 454, 191, 110, 388, 117, 160, 466, 169, 390, 277, 420, 342, 430, 46, 285, 229, 147, 16, 276, 0], [0, 239, 245, 226, 215, 305, 254, 127, 429, 478, 51, 152, 396, 42, 301, 130, 230, 282, 21, 360, 256, 166, 444, 337, 412, 233, 475, 227, 467, 248, 74, 223, 77, 88, 175, 228, 316, 0]]","[[0, 26, 0, 14, 0, 125, 176, 0, 30, 479, 0, 448, 3, 0, 427, 143, 0], [0, 461, 198, 0, 271, 0, 292, 158, 0, 67, 0, 358, 354, 383, 0, 447, 0], [0, 291, 0, 137, 416, 0, 31, 0, 356, 157, 0, 281, 500, 120, 0], [0, 402, 387, 463, 318, 0, 394, 361, 0, 1, 299, 244, 0, 193, 0, 185, 128, 0, 418, 446, 0], [0, 66, 0, 25, 0, 47, 0, 307, 0, 350, 165, 0, 474, 0, 338, 0], [0, 377, 179, 0, 374, 482, 375, 9, 0, 335, 79, 0, 151, 0, 171, 0, 136, 0], [0, 279, 186, 0, 111, 411, 405, 278, 0, 236, 138, 0, 65, 38, 0, 464, 71, 0, 302, 0], [0, 81, 0, 353, 0, 450, 76, 0, 403, 69, 0, 50, 0, 82, 0], [0, 251, 182, 0, 348, 78, 0, 462, 40, 0, 465, 107, 0, 344, 0, 424, 460, 0], [0, 140, 195, 13, 94, 0, 55, 135, 0, 84, 0, 56, 0, 288, 0, 382, 241, 0, 368, 0]]",3982.329589,3548.62517,2098.613426,yes,10,10,64.8153,3888.918,1001.4652
500.20.4,10,10,3945.257805,3945.257805,3945.257805,"[[0, 3, 355, 65, 54, 34, 360, 433, 81, 292, 76, 487, 414, 281, 351, 476, 305, 498, 235, 17, 85, 495, 231, 69, 139, 20, 262, 160, 184, 385, 464, 244, 9, 406, 75, 0], [0, 257, 219, 105, 250, 465, 317, 335, 24, 48, 108, 469, 185, 474, 156, 320, 494, 252, 165, 429, 444, 255, 497, 168, 265, 386, 143, 177, 206, 178, 137, 428, 413, 437, 0], [0, 272, 136, 312, 138, 266, 179, 287, 311, 341, 466, 49, 163, 193, 78, 271, 337, 113, 129, 462, 13, 11, 43, 441, 417, 39, 415, 276, 18, 481, 344, 329, 389, 256, 0], [0, 488, 197, 471, 246, 205, 419, 347, 118, 391, 59, 55, 468, 482, 128, 8, 218, 434, 103, 325, 251, 74, 19, 400, 36, 338, 294, 446, 67, 352, 453, 233, 51, 316, 459, 22, 90, 0], [0, 57, 222, 382, 12, 467, 155, 77, 127, 479, 120, 366, 435, 475, 440, 95, 473, 212, 426, 313, 189, 301, 472, 421, 308, 241, 50, 4, 45, 280, 249, 102, 101, 408, 245, 200, 456, 306, 416, 210, 361, 286, 14, 0], [0, 220, 106, 480, 273, 500, 56, 264, 121, 423, 410, 123, 29, 362, 30, 304, 89, 66, 109, 141, 302, 393, 174, 379, 346, 68, 431, 82, 458, 378, 230, 261, 214, 204, 153, 196, 44, 173, 148, 348, 99, 71, 35, 213, 0], [0, 229, 164, 293, 451, 21, 97, 289, 369, 322, 216, 215, 342, 38, 260, 183, 405, 485, 268, 52, 399, 10, 238, 447, 336, 125, 274, 61, 398, 94, 450, 115, 93, 190, 438, 422, 169, 28, 23, 448, 0], [0, 449, 309, 285, 377, 228, 161, 239, 63, 188, 166, 296, 297, 376, 119, 330, 367, 243, 319, 198, 47, 321, 145, 283, 31, 258, 354, 477, 343, 176, 170, 132, 345, 403, 151, 195, 332, 217, 380, 114, 282, 425, 0], [0, 232, 46, 60, 53, 159, 374, 430, 411, 496, 368, 98, 130, 384, 315, 392, 72, 340, 124, 388, 1, 171, 277, 64, 339, 499, 27, 318, 371, 314, 226, 247, 144, 359, 79, 253, 135, 0], [0, 199, 279, 227, 167, 401, 331, 240, 439, 427, 116, 142, 225, 375, 37, 357, 353, 269, 16, 363, 420, 110, 186, 192, 412, 470, 300, 424, 267, 461, 234, 323, 0, 463, 26, 298, 0]]","[[0, 187, 0, 407, 122, 182, 0, 358, 365, 5, 0, 397, 146, 0, 112, 140, 0, 284, 0, 175, 0, 2, 0], [0, 350, 409, 490, 0, 275, 70, 0, 278, 373, 111, 0, 364, 0, 40, 92, 157, 0, 131, 454, 0, 6, 0, 133, 0, 134, 0], [0, 203, 248, 443, 0, 478, 356, 390, 0, 62, 202, 96, 0, 349, 0, 154, 0, 207, 0, 42, 0], [0, 87, 224, 491, 0, 460, 492, 0, 91, 0, 150, 0, 88, 0, 303, 191, 0, 263, 0, 402, 0], [0, 7, 432, 41, 0, 327, 489, 0, 221, 493, 0, 457, 237, 0, 436, 483, 0, 484, 0, 326, 0], [0, 307, 0, 455, 0, 259, 0, 370, 396, 126, 0, 158, 404, 0, 162, 0, 208, 445, 0, 310, 0], [0, 395, 299, 0, 288, 223, 486, 0, 25, 181, 0, 147, 452, 0, 32, 0, 149, 0, 194, 0, 324, 0, 387, 333, 0], [0, 209, 83, 254, 236, 0, 394, 33, 0, 295, 0, 334, 0, 73, 242, 152, 0, 80, 0, 418, 0], [0, 201, 211, 100, 0, 86, 0, 383, 0, 172, 0, 117, 0, 58, 0, 84, 0, 15, 0, 180, 0], [0, 381, 107, 0, 290, 0, 291, 0, 442, 0, 270, 372, 0, 328, 104, 0]]",3945.257805,3921.939549,2452.039542,yes,10,10,63.2999,3797.994,781.5155
500.30.1,10,10,8174.616196,8174.616196,8174.616196,"[[0, 141, 123, 177, 491, 380, 263, 320, 28, 287, 475, 331, 146, 368, 167, 214, 418, 488, 377, 352, 370, 365, 277, 393, 65, 323, 253, 15, 0, 83, 400, 184, 1, 293, 493, 420, 482, 254, 322, 172, 8, 398, 152, 236, 454, 79, 73, 166, 463, 348, 438, 451, 0], [0, 203, 316, 170, 70, 338, 473, 206, 292, 175, 51, 307, 435, 71, 487, 129, 401, 343, 344, 74, 205, 317, 308, 303, 46, 35, 0, 474, 430, 458, 87, 165, 215, 441, 211, 500, 148, 149, 90, 278, 0], [0, 314, 389, 372, 113, 397, 332, 262, 191, 478, 288, 440, 174, 94, 162, 480, 436, 289, 359, 0, 44, 350, 404, 311, 147, 284, 108, 57, 259, 50, 66, 336, 378, 107, 196, 266, 467, 27, 392, 455, 304, 176, 324, 26, 216, 242, 0], [0, 445, 21, 30, 383, 325, 135, 318, 337, 188, 251, 376, 76, 250, 468, 220, 102, 233, 327, 264, 417, 0, 363, 178, 495, 115, 155, 498, 88, 127, 413, 93, 255, 124, 40, 479, 119, 144, 265, 101, 185, 494, 138, 485, 0], [0, 446, 208, 423, 160, 270, 466, 32, 437, 411, 189, 407, 61, 5, 60, 84, 227, 183, 38, 0, 163, 31, 422, 139, 14, 375, 55, 213, 361, 222, 230, 364, 416, 358, 309, 379, 273, 310, 179, 271, 25, 122, 345, 59, 89, 274, 472, 226, 0], [0, 382, 72, 248, 131, 52, 285, 200, 116, 366, 161, 235, 12, 133, 212, 118, 326, 156, 449, 192, 329, 296, 447, 193, 403, 99, 158, 49, 0, 425, 82, 202, 78, 471, 489, 261, 77, 91, 180, 237, 281, 442, 6, 137, 247, 151, 24, 126, 154, 276, 56, 269, 369, 0], [0, 4, 58, 394, 64, 7, 121, 260, 386, 37, 47, 481, 462, 439, 459, 228, 13, 157, 298, 424, 330, 283, 243, 299, 130, 384, 190, 0, 282, 63, 381, 86, 114, 444, 20, 219, 294, 186, 448, 406, 415, 0], [0, 391, 267, 371, 419, 95, 45, 120, 106, 187, 22, 244, 302, 104, 360, 390, 354, 268, 2, 431, 10, 0, 171, 305, 43, 408, 353, 209, 357, 16, 194, 340, 105, 469, 402, 334, 374, 385, 207, 41, 443, 110, 388, 231, 426, 341, 217, 201, 240, 97, 173, 224, 140, 496, 0], [0, 145, 349, 3, 465, 342, 297, 103, 18, 490, 19, 199, 85, 484, 117, 100, 319, 128, 169, 272, 232, 221, 256, 210, 81, 0, 333, 239, 315, 335, 373, 412, 492, 275, 486, 225, 279, 483, 399, 367, 223, 328, 464, 0], [0, 125, 80, 182, 159, 34, 300, 414, 257, 456, 150, 98, 290, 204, 67, 234, 428, 245, 164, 362, 62, 53, 0, 96, 427, 457, 258, 23, 313, 198, 252, 195, 36, 241, 136, 497, 450, 286, 477, 461, 111, 197, 168, 387, 356, 39, 452, 143, 295, 347, 75, 249, 0]]","[[0, 109, 68, 312, 0, 42, 433, 0, 410, 229, 29, 0], [0, 153, 69, 291, 0, 92, 0, 460, 0], [0, 301, 132, 0, 405, 0, 476, 0], [0, 181, 421, 0, 246, 0], [0, 434, 339, 54, 0, 395, 409, 0, 9, 0], [0, 499, 48, 0, 429, 0], [0, 17, 0, 321, 432, 0, 11, 142, 0], [0, 351, 396, 0, 238, 0, 218, 355, 0, 33, 0], [0, 306, 0, 112, 0, 470, 0], [0, 280, 134, 453, 0, 346, 0]]",8174.616196,1888.572395,3790.309952,yes,10,10,133.492,8009.52,888.2631
500.30.2,10,10,8271.975674,8271.975674,8271.975674,"[[0, 359, 364, 450, 272, 201, 448, 282, 301, 400, 132, 0, 466, 24, 493, 147, 330, 76, 98, 416, 151, 290, 333, 325, 166, 397, 470, 163, 462, 90, 77, 39, 440, 472, 0], [0, 116, 369, 261, 383, 168, 378, 414, 328, 372, 213, 286, 65, 495, 292, 159, 138, 11, 114, 451, 119, 42, 480, 80, 415, 60, 44, 382, 0, 70, 179, 315, 314, 50, 347, 436, 71, 206, 106, 103, 299, 191, 137, 115, 425, 136, 148, 302, 73, 438, 0], [0, 385, 434, 253, 326, 295, 123, 408, 306, 482, 6, 349, 377, 2, 102, 428, 131, 91, 345, 362, 150, 181, 226, 453, 189, 236, 86, 13, 430, 92, 0, 322, 19, 384, 457, 118, 297, 48, 172, 431, 15, 117, 449, 313, 1, 445, 214, 55, 62, 141, 426, 0], [0, 230, 124, 404, 294, 395, 64, 69, 188, 418, 9, 61, 420, 0, 433, 379, 468, 199, 381, 203, 4, 57, 351, 187, 464, 37, 460, 388, 81, 107, 85, 32, 398, 0], [0, 353, 242, 240, 421, 127, 173, 94, 245, 18, 152, 338, 337, 121, 439, 305, 499, 304, 110, 488, 158, 97, 247, 266, 125, 30, 23, 370, 399, 489, 446, 66, 250, 481, 363, 0, 78, 58, 149, 36, 164, 479, 29, 278, 83, 232, 68, 410, 205, 273, 208, 178, 108, 12, 474, 153, 417, 268, 20, 0], [0, 74, 160, 95, 200, 476, 287, 216, 104, 473, 210, 234, 288, 134, 223, 274, 144, 343, 392, 423, 334, 26, 270, 291, 51, 161, 186, 0, 498, 243, 194, 52, 357, 475, 284, 99, 424, 101, 409, 435, 237, 176, 281, 463, 130, 312, 366, 56, 229, 0], [0, 412, 361, 33, 352, 220, 14, 207, 258, 217, 256, 485, 331, 354, 339, 0, 157, 175, 111, 204, 411, 84, 259, 437, 327, 298, 35, 374, 309, 248, 0], [0, 47, 221, 323, 455, 277, 170, 45, 183, 54, 344, 358, 371, 251, 87, 174, 227, 497, 396, 491, 89, 452, 335, 192, 185, 197, 300, 225, 239, 340, 222, 0, 454, 406, 365, 373, 209, 31, 38, 224, 79, 21, 40, 75, 156, 211, 146, 241, 184, 458, 402, 145, 289, 346, 296, 467, 218, 49, 34, 122, 275, 342, 356, 0], [0, 7, 262, 432, 492, 471, 280, 329, 461, 500, 22, 393, 308, 5, 112, 171, 255, 233, 317, 386, 376, 8, 391, 310, 303, 252, 405, 263, 0, 276, 143, 165, 25, 441, 43, 212, 246, 190, 427, 332, 319, 72, 249, 53, 17, 193, 321, 46, 67, 260, 447, 320, 0], [0, 390, 265, 139, 271, 283, 82, 355, 316, 387, 113, 169, 120, 484, 142, 140, 231, 336, 93, 0, 196, 16, 341, 350, 257, 442, 238, 202, 478, 368, 285, 219, 486, 360, 465, 456, 444, 367, 324, 496, 267, 443, 27, 413, 154, 429, 0]]","[[0, 477, 0, 407, 182, 0, 422, 483, 0, 269, 0], [0, 469, 375, 105, 88, 0, 198, 0, 177, 0], [0, 394, 307, 135, 0, 279, 293, 96, 0, 264, 0], [0, 494, 0, 459, 3, 0, 63, 0], [0, 133, 162, 0, 235, 0, 254, 490, 0], [0, 244, 167, 0, 180, 380, 0, 311, 0, 100, 0], [0, 195, 155, 0, 403, 419, 0, 41, 0], [0, 318, 228, 126, 0, 59, 487, 0, 129, 0], [0, 28, 0, 215, 0, 128, 0, 348, 0], [0, 10, 0, 389, 0, 401, 109, 0]]",8271.975674,2054.695573,2791.274252,yes,10,10,137.3128,8238.768,972.0492
500.30.3,10,10,8193.729485,8193.729485,8193.729485,"[[0, 300, 194, 410, 235, 289, 36, 239, 50, 359, 409, 148, 236, 419, 462, 234, 399, 385, 58, 457, 439, 108, 66, 0, 486, 72, 350, 356, 193, 467, 112, 223, 224, 237, 96, 0], [0, 497, 394, 500, 404, 41, 393, 333, 364, 301, 132, 119, 267, 63, 361, 149, 263, 88, 197, 78, 346, 299, 201, 0, 90, 335, 326, 425, 179, 135, 105, 358, 465, 159, 310, 13, 245, 475, 98, 366, 287, 225, 337, 421, 357, 448, 0], [0, 483, 255, 128, 153, 328, 437, 493, 414, 400, 496, 284, 162, 428, 189, 4, 391, 314, 55, 69, 9, 272, 21, 116, 478, 449, 451, 169, 0, 168, 209, 144, 461, 32, 295, 392, 92, 463, 205, 167, 466, 362, 251, 185, 270, 143, 269, 476, 0], [0, 15, 349, 261, 373, 83, 250, 137, 485, 305, 312, 316, 215, 70, 397, 293, 230, 104, 353, 0, 321, 48, 208, 490, 379, 79, 158, 211, 203, 434, 170, 121, 52, 176, 283, 46, 117, 307, 317, 331, 151, 262, 243, 276, 372, 133, 134, 136, 45, 0], [0, 290, 274, 377, 338, 84, 367, 258, 178, 383, 76, 499, 199, 432, 113, 388, 440, 150, 172, 0, 452, 20, 403, 198, 455, 323, 273, 441, 311, 142, 152, 59, 23, 352, 138, 492, 454, 226, 324, 24, 19, 489, 282, 33, 166, 0], [0, 279, 43, 416, 360, 417, 351, 37, 389, 474, 111, 406, 67, 442, 95, 62, 118, 336, 64, 456, 221, 115, 291, 22, 450, 2, 196, 347, 471, 266, 429, 0, 315, 341, 415, 163, 408, 375, 365, 160, 25, 334, 275, 28, 430, 252, 242, 433, 93, 216, 91, 231, 402, 246, 257, 31, 177, 0], [0, 309, 435, 332, 280, 445, 285, 147, 253, 369, 241, 130, 190, 27, 482, 447, 110, 183, 473, 264, 423, 0, 254, 431, 210, 7, 407, 481, 286, 86, 484, 54, 75, 182, 164, 297, 468, 229, 212, 327, 217, 14, 298, 0], [0, 495, 3, 29, 491, 380, 125, 99, 38, 106, 161, 413, 479, 47, 386, 233, 390, 97, 65, 171, 0, 73, 5, 232, 175, 207, 259, 436, 227, 330, 220, 157, 71, 141, 480, 40, 319, 77, 57, 39, 438, 129, 344, 401, 94, 420, 1, 0], [0, 165, 102, 363, 271, 398, 222, 411, 342, 355, 427, 256, 374, 85, 303, 348, 288, 228, 126, 453, 11, 477, 44, 140, 74, 68, 188, 248, 498, 0, 458, 488, 422, 470, 124, 56, 424, 371, 35, 339, 100, 308, 101, 191, 10, 472, 460, 306, 494, 60, 247, 278, 218, 61, 145, 173, 265, 0], [0, 156, 320, 292, 187, 12, 120, 80, 127, 89, 109, 53, 249, 325, 370, 202, 180, 8, 244, 412, 381, 204, 6, 0, 17, 376, 384, 281, 396, 469, 123, 302, 487, 146, 387, 26, 444, 103, 154, 195, 107, 0]]","[[0, 18, 240, 0, 313, 213, 0, 322, 0], [0, 238, 296, 214, 0, 318, 0, 382, 0, 345, 0], [0, 42, 82, 0, 277, 0, 206, 0], [0, 131, 192, 87, 0, 174, 0, 16, 0, 329, 0], [0, 405, 0, 51, 0, 446, 0, 184, 0], [0, 304, 81, 0, 418, 0, 49, 0], [0, 443, 426, 0, 343, 0, 395, 0], [0, 354, 186, 0, 294, 0, 114, 0, 219, 0, 368, 0, 464, 268, 0], [0, 34, 30, 139, 0, 155, 0, 181, 122, 0], [0, 378, 260, 0, 459, 0, 340, 0, 200, 0]]",8193.729485,2279.091159,4026.097291,yes,10,10,134.4285,8065.71,734.5394
500.30.4,10,10,8296.422179,8296.422179,8296.422179,"[[0, 88, 482, 233, 443, 108, 219, 456, 237, 268, 402, 92, 465, 229, 48, 99, 191, 357, 476, 9, 405, 0, 16, 376, 206, 147, 273, 126, 320, 466, 311, 459, 62, 301, 201, 254, 284, 212, 221, 312, 425, 26, 148, 210, 0], [0, 477, 307, 488, 33, 98, 251, 213, 241, 305, 253, 280, 325, 156, 436, 356, 203, 291, 0, 179, 168, 335, 2, 269, 205, 30, 116, 387, 70, 297, 217, 43, 468, 447, 434, 491, 80, 42, 309, 154, 485, 6, 265, 0], [0, 223, 417, 153, 442, 74, 479, 395, 410, 163, 361, 161, 95, 345, 329, 208, 377, 93, 236, 35, 75, 215, 493, 382, 449, 342, 0, 162, 117, 67, 41, 271, 76, 418, 64, 303, 366, 421, 189, 431, 308, 270, 413, 85, 368, 475, 350, 0], [0, 452, 261, 403, 460, 302, 444, 178, 473, 489, 448, 175, 190, 450, 129, 97, 38, 150, 295, 249, 296, 0, 177, 211, 429, 18, 240, 25, 60, 454, 367, 123, 10, 181, 457, 204, 248, 362, 239, 8, 90, 299, 87, 216, 24, 127, 384, 484, 499, 263, 0], [0, 300, 195, 100, 346, 250, 139, 145, 59, 358, 455, 390, 469, 393, 336, 77, 63, 7, 120, 187, 344, 292, 0, 78, 225, 486, 3, 107, 420, 159, 322, 317, 319, 91, 119, 144, 197, 245, 272, 483, 286, 140, 138, 124, 0], [0, 480, 110, 330, 227, 13, 149, 349, 15, 29, 152, 14, 416, 160, 106, 194, 4, 363, 415, 180, 169, 165, 52, 238, 318, 274, 66, 68, 497, 258, 337, 408, 0, 45, 324, 158, 260, 381, 333, 327, 498, 65, 255, 164, 112, 257, 314, 54, 419, 61, 481, 0], [0, 310, 306, 109, 500, 143, 22, 471, 276, 252, 339, 58, 277, 334, 461, 359, 397, 360, 207, 391, 173, 427, 0, 340, 354, 378, 198, 445, 125, 494, 412, 243, 247, 214, 17, 40, 426, 202, 347, 136, 285, 37, 264, 230, 470, 196, 34, 326, 157, 364, 244, 209, 185, 0], [0, 487, 290, 323, 151, 388, 441, 399, 172, 57, 84, 226, 407, 343, 220, 102, 83, 304, 133, 383, 231, 94, 288, 137, 171, 0, 430, 235, 256, 279, 111, 131, 440, 188, 96, 432, 375, 379, 186, 369, 135, 182, 46, 118, 146, 266, 86, 1, 81, 101, 389, 5, 170, 242, 259, 199, 200, 267, 472, 298, 353, 0], [0, 462, 82, 89, 50, 392, 155, 352, 47, 28, 380, 373, 55, 0, 228, 132, 222, 105, 224, 19, 414, 396, 134, 398, 372, 351, 113, 72, 394, 464, 332, 439, 142, 282, 294, 71, 385, 0], [0, 283, 122, 411, 451, 176, 56, 348, 400, 174, 371, 458, 20, 281, 12, 21, 293, 114, 355, 370, 289, 0, 79, 73, 232, 490, 401, 446, 423, 313, 496, 365, 141, 32, 341, 374, 44, 422, 278, 184, 27, 386, 192, 167, 467, 183, 193, 115, 315, 23, 321, 0]]","[[0, 39, 0, 287, 495, 0, 218, 0], [0, 404, 121, 0, 69, 0, 338, 0], [0, 316, 0, 453, 128, 0, 328, 0], [0, 11, 166, 0, 36, 438, 0, 331, 0], [0, 51, 478, 435, 104, 0, 103, 463, 0, 262, 0], [0, 130, 0, 433, 0], [0, 428, 0, 409, 0, 234, 0], [0, 246, 0, 474, 424, 0, 437, 0], [0, 275, 0, 49, 406, 0], [0, 53, 0, 492, 31, 0]]",8296.422179,1933.742577,2803.601768,yes,10,10,136.6259,8197.554,932.6258
500.40.1,10,10,14567.459925,14567.459925,14567.459925,"[[0, 195, 353, 97, 283, 75, 120, 152, 449, 274, 296, 183, 0, 396, 247, 297, 465, 481, 190, 488, 302, 260, 107, 479, 323, 82, 246, 250, 28, 434, 0, 200, 186, 139, 442, 382, 40, 76, 214, 36, 384, 362, 345, 451, 277, 393, 0], [0, 20, 113, 111, 44, 184, 321, 194, 236, 29, 46, 92, 45, 386, 413, 55, 486, 280, 90, 0, 335, 11, 273, 170, 309, 278, 47, 327, 251, 256, 219, 87, 217, 360, 314, 254, 245, 69, 265, 27, 0, 228, 249, 124, 56, 199, 162, 235, 477, 467, 383, 17, 330, 0], [0, 14, 50, 141, 388, 126, 426, 192, 150, 191, 428, 0, 80, 224, 252, 3, 19, 210, 468, 243, 315, 377, 415, 59, 102, 469, 400, 128, 0, 237, 495, 178, 172, 282, 109, 54, 112, 248, 436, 154, 349, 197, 61, 177, 114, 151, 10, 0], [0, 454, 350, 149, 424, 262, 218, 464, 405, 70, 478, 34, 279, 179, 164, 148, 9, 31, 427, 0, 204, 99, 43, 444, 318, 340, 489, 98, 375, 65, 303, 193, 299, 0, 106, 165, 492, 343, 433, 357, 41, 81, 93, 123, 187, 439, 188, 58, 463, 337, 354, 0], [0, 155, 418, 326, 225, 22, 406, 244, 356, 422, 307, 0, 52, 2, 125, 484, 160, 84, 391, 416, 437, 456, 211, 438, 74, 96, 0, 264, 409, 174, 420, 403, 473, 368, 83, 77, 331, 497, 37, 395, 230, 0], [0, 89, 397, 16, 312, 472, 51, 414, 168, 292, 295, 121, 483, 229, 147, 450, 62, 369, 133, 53, 212, 0, 233, 306, 263, 294, 487, 320, 231, 79, 167, 275, 85, 342, 271, 23, 421, 475, 25, 447, 0, 142, 423, 281, 291, 367, 319, 324, 446, 60, 385, 276, 208, 448, 108, 159, 410, 110, 117, 101, 290, 336, 380, 0], [0, 431, 287, 171, 175, 116, 131, 122, 173, 253, 182, 239, 223, 458, 134, 38, 221, 332, 289, 0, 143, 339, 311, 227, 462, 328, 365, 67, 153, 138, 94, 417, 429, 0, 95, 216, 180, 63, 127, 430, 378, 494, 207, 445, 293, 137, 4, 398, 461, 259, 185, 346, 78, 255, 146, 266, 348, 0], [0, 15, 24, 105, 169, 387, 1, 352, 401, 361, 474, 261, 103, 412, 351, 301, 0, 220, 66, 12, 425, 144, 466, 298, 241, 499, 459, 238, 286, 0, 71, 432, 156, 490, 308, 347, 392, 234, 64, 88, 136, 129, 115, 364, 0], [0, 408, 370, 232, 132, 457, 206, 313, 359, 305, 389, 0, 300, 344, 130, 284, 8, 32, 372, 49, 91, 496, 358, 435, 329, 26, 226, 476, 419, 316, 310, 0, 325, 18, 157, 7, 269, 140, 500, 86, 376, 42, 441, 322, 407, 381, 166, 270, 338, 0], [0, 374, 285, 394, 198, 13, 39, 35, 470, 453, 267, 390, 30, 443, 202, 399, 379, 334, 0, 452, 158, 268, 213, 176, 222, 181, 203, 5, 209, 485, 100, 482, 480, 163, 242, 355, 135, 0, 404, 119, 402, 272, 455, 440, 460, 341, 104, 471, 21, 257, 317, 48, 411, 363, 0]]","[[0, 288, 0, 0], [0, 371, 0], [0, 118, 258, 366, 0, 491, 0], [0, 72, 304, 0], [0, 145, 0, 205, 0], [0, 196, 0, 498, 0], [0, 215, 201, 0], [0, 57, 6, 0, 161, 0], [0, 33, 73, 0, 493, 0], [0, 68, 240, 0, 373, 189, 333, 0]]",14567.459925,1075.813382,5755.028283,yes,10,10,235.7014,14142.084,881.7561
500.40.3,10,10,14822.057878,14822.057878,14822.057878,"[[0, 220, 44, 467, 253, 351, 85, 313, 402, 249, 159, 11, 71, 0, 139, 292, 452, 154, 225, 171, 459, 431, 341, 498, 36, 67, 149, 355, 0, 358, 257, 223, 262, 322, 376, 158, 60, 318, 423, 0], [0, 103, 345, 454, 310, 359, 83, 352, 134, 3, 314, 164, 428, 288, 433, 234, 179, 215, 178, 0, 440, 332, 373, 132, 219, 125, 325, 216, 79, 167, 45, 180, 229, 324, 23, 248, 0, 375, 146, 256, 430, 80, 338, 141, 78, 331, 94, 372, 371, 160, 456, 344, 0], [0, 486, 202, 193, 127, 274, 277, 0, 406, 417, 415, 49, 111, 175, 494, 409, 8, 152, 327, 43, 335, 170, 377, 350, 329, 153, 0, 198, 275, 228, 330, 144, 282, 405, 62, 252, 76, 451, 109, 88, 254, 61, 437, 460, 407, 0], [0, 299, 172, 112, 129, 311, 480, 190, 320, 448, 186, 493, 163, 148, 450, 276, 441, 0, 232, 213, 260, 436, 482, 33, 283, 301, 0, 84, 227, 91, 30, 217, 487, 403, 400, 474, 308, 15, 52, 173, 348, 245, 99, 349, 200, 0, 28, 445, 496, 130, 12, 0], [0, 395, 383, 259, 432, 479, 273, 387, 201, 495, 328, 362, 346, 100, 177, 38, 0, 25, 490, 235, 224, 422, 366, 367, 463, 115, 356, 182, 124, 483, 425, 449, 291, 250, 54, 0, 287, 74, 98, 337, 336, 210, 35, 20, 93, 379, 374, 121, 414, 128, 385, 0], [0, 279, 123, 410, 86, 264, 208, 5, 226, 150, 110, 4, 246, 13, 0, 114, 68, 118, 126, 305, 398, 297, 321, 7, 476, 370, 353, 412, 65, 365, 73, 161, 270, 0, 481, 470, 294, 157, 16, 326, 340, 168, 95, 82, 136, 39, 354, 478, 69, 89, 455, 380, 0], [0, 333, 27, 304, 418, 209, 280, 26, 174, 426, 397, 309, 319, 96, 386, 369, 120, 293, 46, 187, 0, 360, 491, 469, 66, 142, 47, 438, 116, 218, 392, 424, 59, 92, 145, 0, 429, 143, 251, 233, 50, 269, 48, 206, 378, 484, 204, 81, 6, 306, 97, 401, 40, 394, 444, 447, 0], [0, 156, 135, 197, 382, 102, 55, 56, 64, 239, 457, 104, 300, 199, 34, 191, 0, 278, 439, 147, 303, 122, 53, 419, 384, 10, 465, 343, 420, 75, 500, 284, 473, 0, 72, 133, 221, 211, 255, 31, 117, 9, 281, 22, 302, 237, 24, 488, 0], [0, 184, 289, 312, 77, 196, 51, 462, 242, 2, 203, 466, 17, 271, 87, 151, 489, 165, 485, 0, 339, 185, 263, 316, 342, 427, 181, 317, 404, 285, 166, 107, 0, 453, 222, 413, 240, 231, 368, 214, 244, 113, 357, 188, 347, 42, 396, 421, 390, 0], [0, 169, 29, 391, 411, 70, 286, 230, 258, 18, 471, 137, 334, 37, 140, 442, 162, 131, 19, 393, 0, 138, 434, 261, 90, 207, 57, 195, 298, 458, 361, 241, 295, 388, 32, 21, 464, 1, 0, 296, 290, 446, 58, 499, 497, 364, 194, 192, 101, 443, 461, 243, 108, 238, 183, 0]]","[[0, 268, 155, 0, 176, 0, 106, 0], [0, 315, 0, 266, 247, 0, 236, 0], [0, 212, 0, 475, 0], [0, 41, 63, 0, 323, 408, 0], [0, 381, 0, 435, 468, 0], [0, 267, 416, 477, 0, 265, 0], [0, 272, 307, 0, 472, 0, 189, 0], [0, 389, 0, 105, 205, 0], [0, 14, 399, 0, 492, 363, 0], [0, 119, 0, 0]]",14822.057878,1559.995581,6091.954953,yes,10,10,237.2783,14236.698,788.0148
