dataset,seed,customers,minimum_spacing_m,districts,district_Cầu Giấy,district_Hoàng Mai,district_Hà Đông,district_Nam Từ Liêm,district_Thanh Xuân,district_Đống Đa,district_Bắc Từ Liêm
set_01,20261101,100,502.689,6,19,24,10,14,17,16,
set_02,20261102,100,501.646,7,17,24,13,14,12,19,1
set_03,20261103,100,501.646,7,15,30,12,12,10,20,1
set_04,20261104,100,502.479,7,14,28,13,13,12,19,1
set_05,20261105,100,506.992,7,18,25,11,9,16,20,1
set_06,20261106,100,509.034,6,17,25,13,14,13,18,
set_07,20261107,100,503.141,6,21,28,11,10,11,19,
set_08,20261108,100,506.466,7,17,27,10,13,14,18,1
set_09,20261109,100,502.026,6,18,24,14,8,17,19,
set_10,20261110,100,506.254,7,17,30,12,11,12,17,1
set_11,20261111,100,500.948,6,17,29,11,12,13,18,
set_12,20261112,100,500.403,6,17,26,13,13,13,18,
set_13,20261113,100,502.026,6,18,25,13,10,16,18,
set_14,20261114,100,502.689,6,15,25,10,16,13,21,
set_15,20261115,100,503.605,6,19,24,10,15,11,21,
set_16,20261116,100,500.211,6,20,23,13,11,12,21,
set_17,20261117,100,500.211,6,16,24,15,11,14,20,
set_18,20261118,100,505.013,7,17,27,13,10,12,20,1
set_19,20261119,100,508.9,7,16,25,12,12,14,20,1
set_20,20261120,100,503.302,7,18,27,12,12,13,17,1
set_21,20261121,100,503.141,6,14,23,16,11,15,21,
set_22,20261122,100,506.805,7,17,24,14,12,13,19,1
set_23,20261123,100,502.026,6,20,23,13,12,15,17,
set_24,20261124,100,500.211,6,15,25,9,12,15,24,
set_25,20261125,100,502.393,7,18,29,9,12,13,18,1
set_26,20261126,100,503.296,6,17,26,12,13,14,18,
set_27,20261127,100,501.058,7,20,28,10,11,11,19,1
set_28,20261128,100,511.783,6,18,27,12,13,14,16,
set_29,20261129,100,509.36,7,15,25,13,12,14,20,1
set_30,20261130,100,510.675,6,14,31,12,9,14,20,
