Ten_Duong,Loai_Duong,6h,7h,8h,9h,10h,11h,12h,13h,14h,15h,16h,17h,18h
An Dương Vương,Bắc Từ Liêm,30.0,28.0,25.0,26.0,26.5,28.0,29.0,29.8,30.5,29.0,26.5,27.0,24.6
Bờ tây sông Nhuệ,Bắc Từ Liêm,41.0,34.0,31.0,31.0,33.3,36.9,41.0,41.0,41.0,33.0,33.0,32.0,29.1
Châu Đài,Bắc Từ Liêm,63.0,63.0,56.7,63.0,63.0,63.0,17.0,22.0,32.6,36.2,13.5,15.0,13.3
Chùa Bụt Mọc,Bắc Từ Liêm,62.0,62.0,55.8,62.0,55.8,62.0,62.0,62.0,62.0,50.4,56.0,48.0,46.1
Chế Lan Viên,Bắc Từ Liêm,62.0,62.0,55.8,62.0,55.8,62.0,62.0,62.0,62.0,50.4,56.0,48.0,45.5
Cống Liên Mạc,Bắc Từ Liêm,63.0,63.0,56.7,63.0,63.0,63.0,17.0,22.0,32.6,36.2,13.5,15.0,11.2
Cổ Nhuế,Bắc Từ Liêm,30.0,28.0,25.0,26.0,26.5,28.0,29.0,29.8,30.5,29.5,27.0,27.0,24.1
Dương Văn An,Bắc Từ Liêm,63.0,63.0,63.0,63.0,56.7,63.0,23.0,24.2,31.1,34.5,12.6,14.0,10.5
Hoàng Công Chất,Bắc Từ Liêm,63.0,63.0,63.0,51.1,56.7,63.0,24.0,24.8,32.3,35.8,12.6,14.0,12.9
Hoàng Liên,Bắc Từ Liêm,63.0,63.0,63.0,63.0,63.0,63.0,17.0,21.5,32.3,35.8,12.6,14.0,10.9
Hoàng Minh Thảo,Bắc Từ Liêm,63.0,63.0,63.0,56.7,63.0,63.0,17.0,21.2,32.3,35.8,12.6,14.0,10.0
Hoàng Quốc Việt,Bắc Từ Liêm,63.0,63.0,63.0,56.7,63.0,63.0,17.0,21.2,32.3,35.8,12.6,14.0,11.6
Hoàng Quốc Việt kéo dài,Bắc Từ Liêm,63.0,63.0,56.7,63.0,63.0,63.0,17.0,22.0,32.6,36.2,13.5,15.0,11.4
Hoàng Tăng Bí,Bắc Từ Liêm,63.0,63.0,63.0,51.1,56.7,63.0,24.0,24.8,32.3,35.8,12.6,14.0,11.2
Hồ Tùng Mậu,Bắc Từ Liêm,30.0,28.0,25.0,26.0,26.5,28.0,29.0,29.8,30.5,29.0,26.5,27.0,25.9
Kiều Mai,Bắc Từ Liêm,62.0,62.0,55.8,62.0,55.8,62.0,62.0,62.0,62.0,50.5,56.0,48.0,46.9
Kẻ Giàn,Bắc Từ Liêm,62.0,62.0,55.8,62.0,55.8,62.0,62.0,62.0,62.0,50.5,56.0,48.0,44.4
Kẻ Vẽ,Bắc Từ Liêm,62.0,62.0,55.8,62.0,55.8,62.0,62.0,62.0,62.0,50.5,56.0,48.0,46.5
Kỳ Vũ,Bắc Từ Liêm,62.0,62.0,55.8,62.0,55.8,62.0,62.0,62.0,62.0,50.5,56.0,48.0,45.4
Liên Mạc,Bắc Từ Liêm,62.0,62.0,55.8,62.0,55.8,62.0,62.0,62.0,62.0,50.4,56.0,48.0,46.8
Lê Văn Hiến,Bắc Từ Liêm,26.0,24.0,21.0,21.0,20.5,20.0,20.0,21.0,22.0,20.5,20.5,20.0,17.9
Lưu Cơ,Bắc Từ Liêm,38.0,27.0,25.0,25.0,26.0,27.0,30.0,29.2,28.5,28.2,27.0,24.0,22.0
Minh Tảo,Bắc Từ Liêm,63.0,63.0,63.0,51.1,56.7,63.0,23.0,24.2,32.3,35.8,12.6,14.0,10.5
Mạc Xá,Bắc Từ Liêm,62.0,62.0,55.8,62.0,55.8,62.0,62.0,62.0,62.0,50.5,56.0,48.0,44.7
Nguyên Xá,Bắc Từ Liêm,38.0,27.0,25.0,25.0,26.0,27.0,30.0,29.2,28.5,27.8,27.0,24.0,20.2
Nguyễn Duy Thì,Bắc Từ Liêm,38.0,27.0,25.0,25.0,26.0,27.0,30.0,29.2,28.5,27.8,27.0,24.0,20.3
Nguyễn Hoàng Tôn,Bắc Từ Liêm,63.0,63.0,63.0,56.7,63.0,63.0,17.0,21.2,32.3,35.8,12.6,14.0,12.3
Nguyễn Hữu Liêu,Bắc Từ Liêm,38.0,27.0,25.0,25.0,26.0,27.0,30.0,29.2,28.5,27.8,27.0,24.0,23.0
Nguyễn Xuân Khoát,Bắc Từ Liêm,38.0,27.0,25.0,25.0,24.5,27.0,30.0,29.5,29.0,27.8,27.0,24.0,22.2
Nguyễn Đình Tứ,Bắc Từ Liêm,42.0,34.0,30.0,31.0,32.0,31.0,34.0,34.0,34.0,34.2,31.0,29.0,25.1
Nguyễn Đạo An,Bắc Từ Liêm,38.0,27.0,25.0,25.0,26.0,27.0,30.0,29.2,28.5,27.8,27.0,24.0,21.5
Ngọa Long,Bắc Từ Liêm,30.0,28.0,25.0,25.0,26.5,28.0,29.0,29.8,30.5,29.5,27.0,27.0,24.4
Nhật Tảo,Bắc Từ Liêm,63.0,63.0,63.0,56.7,63.0,63.0,17.0,21.5,32.3,35.8,12.6,14.0,12.4
Nhổn,Bắc Từ Liêm,63.0,63.0,56.7,63.0,63.0,63.0,17.0,21.8,32.6,36.2,13.5,15.0,11.7
Phan Bá Vành,Bắc Từ Liêm,63.0,63.0,63.0,63.0,56.7,63.0,23.0,24.2,31.7,35.2,12.6,14.0,11.4
Phú Minh,Bắc Từ Liêm,63.0,63.0,63.0,63.0,56.7,63.0,23.0,24.2,31.1,34.5,12.6,14.0,12.5
Phú Diễn,Bắc Từ Liêm,42.0,34.0,30.0,30.0,32.0,31.0,34.0,34.0,34.0,34.2,30.5,29.0,27.2
Phú Kiều,Bắc Từ Liêm,42.0,34.0,30.0,31.0,32.0,31.5,35.0,34.2,33.5,34.2,31.0,29.0,27.0
Phúc Diễn,Bắc Từ Liêm,30.0,28.0,25.0,25.0,26.5,28.0,29.0,30.0,31.0,29.8,27.0,26.0,23.3
Phúc Lý,Bắc Từ Liêm,38.0,27.0,25.0,25.0,24.5,27.0,30.0,29.5,29.0,27.8,27.0,24.0,21.4
Phúc Minh,Bắc Từ Liêm,38.0,27.0,25.0,25.0,24.5,27.0,30.0,29.5,29.0,27.8,27.0,24.0,22.6
Phúc Đam,Bắc Từ Liêm,38.0,27.0,25.0,25.0,26.0,27.0,30.0,29.5,29.0,27.8,27.0,24.0,22.5
Phạm Tiến Duật,Bắc Từ Liêm,63.0,63.0,63.0,56.7,63.0,63.0,17.0,21.5,32.3,35.8,12.6,14.0,12.9
Phạm Tuấn Tài,Bắc Từ Liêm,63.0,63.0,63.0,56.7,63.0,63.0,17.0,21.5,32.3,35.8,12.6,14.0,11.8
Phạm Văn Nghị,Bắc Từ Liêm,38.0,27.0,25.0,25.0,24.5,27.0,30.0,29.5,29.0,27.8,26.5,24.0,21.5
Phạm Văn Đồng,Bắc Từ Liêm,23.0,11.0,11.8,13.1,14.5,13.0,14.0,16.5,19.7,21.8,18.0,10.0,7.1
Pineapple Lane,Bắc Từ Liêm,62.0,62.0,55.8,62.0,55.8,62.0,62.0,62.0,62.0,50.5,56.0,48.0,45.4
Pomelo Line,Bắc Từ Liêm,30.0,28.0,25.0,25.0,26.5,28.0,29.0,30.0,31.0,29.8,27.0,27.0,25.2
Sông Nhuệ,Bắc Từ Liêm,46.0,38.0,37.0,39.0,36.0,37.0,37.0,38.0,39.0,36.5,34.0,34.0,33.0
Sùng Khang,Bắc Từ Liêm,63.0,63.0,56.7,63.0,63.0,63.0,17.0,22.0,32.6,36.2,13.5,15.0,13.0
Thượng Cát,Bắc Từ Liêm,62.0,62.0,55.8,62.0,55.8,62.0,62.0,62.0,62.0,50.4,56.0,48.0,44.8
Thụy Phương,Bắc Từ Liêm,38.0,27.0,25.0,24.0,26.0,27.0,30.0,29.2,28.5,28.2,27.0,24.0,22.0
Trung Kiên,Bắc Từ Liêm,63.0,63.0,63.0,63.0,56.7,63.0,23.0,24.2,31.7,35.2,12.6,14.0,12.2
Trung Tựu,Bắc Từ Liêm,63.0,63.0,56.7,63.0,63.0,63.0,17.0,22.0,32.6,36.2,13.5,15.0,11.2
Trại Gà,Bắc Từ Liêm,30.0,28.0,25.0,26.0,27.0,28.0,29.0,29.8,30.5,29.0,27.0,27.0,25.8
Trần Cung,Bắc Từ Liêm,30.0,28.0,25.0,25.0,26.5,28.0,29.0,29.8,30.5,29.8,27.0,27.0,24.9
Tân Dân,Bắc Từ Liêm,31.0,31.0,31.0,31.0,28.0,27.9,31.0,31.0,31.0,31.0,31.0,24.0,21.1
Tân Nhuệ,Bắc Từ Liêm,31.0,31.0,31.0,31.0,28.0,27.9,31.0,31.0,31.0,31.0,31.0,24.0,22.2
Tân Phong,Bắc Từ Liêm,31.0,31.0,31.0,31.0,28.0,27.9,31.0,31.0,31.0,31.0,31.0,24.0,20.5
Tân Xuân,Bắc Từ Liêm,42.0,42.0,34.0,33.0,29.2,32.4,36.0,34.5,33.0,34.5,34.5,21.0,17.5
Tây Thăng Long,Bắc Từ Liêm,46.0,38.0,36.0,39.0,35.5,37.0,35.0,37.2,39.5,36.5,34.0,34.0,32.0
Tây Tựu,Bắc Từ Liêm,62.0,62.0,55.8,62.0,55.8,62.0,62.0,62.0,62.0,50.4,56.0,48.0,45.1
Tây Đam,Bắc Từ Liêm,62.0,62.0,55.8,62.0,55.8,62.0,57.0,59.5,62.0,50.5,55.0,46.0,42.2
Tôn Quang Phiệt,Bắc Từ Liêm,63.0,63.0,56.7,63.0,63.0,63.0,17.0,22.0,32.6,36.2,13.5,15.0,12.3
Tăng Thiết Giáp,Bắc Từ Liêm,62.0,62.0,55.8,62.0,55.8,62.0,57.0,59.5,62.0,50.5,55.0,46.0,44.1
Tổ Dân Phố Phú Minh,Bắc Từ Liêm,63.0,63.0,63.0,63.0,56.7,63.0,23.0,24.2,31.7,35.2,12.6,14.0,10.9
Tựu Phúc,Bắc Từ Liêm,38.0,27.0,25.0,25.0,24.5,27.0,30.0,29.5,29.0,27.8,26.5,24.0,20.4
Viên,Bắc Từ Liêm,62.0,62.0,55.8,62.0,55.8,62.0,62.0,62.0,62.0,50.0,55.5,48.0,46.7
Võ Quý Huân,Bắc Từ Liêm,62.0,62.0,55.8,62.0,55.8,62.0,62.0,62.0,62.0,50.0,55.5,48.0,46.9
Văn Hội,Bắc Từ Liêm,38.0,27.0,25.0,25.0,24.5,27.0,30.0,29.5,29.0,27.8,26.5,24.0,22.5
Văn Tiến Dũng,Bắc Từ Liêm,30.0,28.0,25.0,25.0,26.5,28.0,29.0,29.8,30.5,29.8,27.0,27.0,25.2
Văn Trì,Bắc Từ Liêm,38.0,27.0,25.5,24.0,26.5,26.1,29.0,28.8,28.5,28.2,27.5,24.0,21.8
Xuân La,Bắc Từ Liêm,38.0,27.0,25.5,24.0,26.0,26.1,29.0,28.8,28.5,28.2,27.5,24.0,20.9
Xuân Phương,Bắc Từ Liêm,62.0,62.0,55.8,62.0,55.8,62.0,62.0,62.0,62.0,50.4,56.0,48.0,46.9
Xuân Tảo,Bắc Từ Liêm,62.0,62.0,55.8,62.0,55.8,62.0,62.0,62.0,62.0,50.5,56.0,48.0,44.6
Xuân Đỉnh,Bắc Từ Liêm,63.0,63.0,56.7,63.0,63.0,63.0,17.0,22.0,32.6,36.2,13.5,15.0,11.3
Yên Nội,Bắc Từ Liêm,63.0,63.0,56.7,63.0,63.0,63.0,17.0,22.0,32.6,36.2,13.5,15.0,13.8
Đê Sông Hồng,Bắc Từ Liêm,63.0,63.0,63.0,63.0,63.0,63.0,17.0,21.8,32.6,36.2,12.6,14.0,12.0
Đình Quán,Bắc Từ Liêm,63.0,63.0,63.0,63.0,63.0,63.0,17.0,21.5,32.6,36.2,13.5,15.0,14.0
Đông Kiều,Bắc Từ Liêm,63.0,63.0,63.0,63.0,63.0,63.0,17.0,21.5,32.6,36.2,12.6,14.0,12.9
Đông Ngạc,Bắc Từ Liêm,63.0,63.0,63.0,63.0,63.0,63.0,17.0,21.5,32.6,36.2,12.6,14.0,12.4
Đông Thắng,Bắc Từ Liêm,63.0,63.0,63.0,63.0,63.0,63.0,17.0,21.5,32.6,36.2,12.6,14.0,10.1
Đăm,Bắc Từ Liêm,62.0,62.0,55.8,62.0,55.8,62.0,62.0,62.0,62.0,50.4,56.0,48.0,45.0
Đại Cát,Bắc Từ Liêm,63.0,63.0,63.0,63.0,63.0,63.0,17.0,21.8,32.6,36.2,13.5,15.0,12.8
Đặng Thùy Trâm,Bắc Từ Liêm,30.0,28.0,25.0,26.0,26.5,28.0,29.0,29.8,30.5,29.0,26.5,27.0,24.9
Đống Ba,Bắc Từ Liêm,63.0,63.0,63.0,63.0,63.0,63.0,17.0,21.5,32.6,36.2,12.6,14.0,11.8
Đỗ Cao Mại,Bắc Từ Liêm,63.0,63.0,63.0,63.0,63.0,63.0,17.0,21.5,32.6,36.2,12.6,14.0,10.5
Đỗ Nhuận,Bắc Từ Liêm,63.0,63.0,63.0,51.1,56.7,63.0,24.0,24.8,32.3,35.8,12.6,14.0,12.0
Đức Diễn,Bắc Từ Liêm,30.0,28.0,25.0,26.0,26.5,28.0,29.0,29.8,30.5,29.5,27.0,27.0,23.8
Đức Thắng,Bắc Từ Liêm,30.0,28.0,25.0,25.0,26.5,28.0,29.0,29.8,30.5,29.5,27.0,27.0,23.5
Bưởi,Cầu Giấy,32.0,32.0,27.0,28.8,32.0,24.0,25.0,23.5,23.2,25.7,28.5,21.0,17.2
Chùa Hà,Cầu Giấy,24.0,18.0,16.0,13.5,14.0,14.2,15.7,14.3,13.0,13.8,13.5,14.0,12.8
Doãn Kế Thiện,Cầu Giấy,48.0,38.3,42.5,43.2,48.0,38.0,35.0,33.0,32.4,36.0,40.0,18.0,15.2
Duy Tân,Cầu Giấy,62.0,62.0,50.3,55.8,62.0,62.0,62.0,62.0,62.0,55.8,62.0,48.0,45.9
Dương Quảng Hàm,Cầu Giấy,30.0,21.0,18.0,17.5,15.4,17.1,19.0,18.0,17.3,19.2,14.5,13.0,9.5
Dương Đình Nghệ,Cầu Giấy,62.0,62.0,50.9,56.5,62.0,62.0,62.0,59.5,57.0,55.8,62.0,48.0,46.0
Dương Đình Nghệ kéo dài,Cầu Giấy,25.0,18.0,17.0,14.0,14.0,14.5,15.0,14.2,13.5,13.8,14.0,14.0,12.9
Dịch Vọng,Cầu Giấy,24.0,18.0,16.0,13.5,14.0,14.2,15.7,14.3,13.0,13.8,13.5,14.0,12.7
Dịch Vọng Hậu,Cầu Giấy,24.0,18.0,16.0,13.5,14.0,14.2,15.7,14.3,13.0,13.8,13.5,14.0,12.8
Hoa Bằng,Cầu Giấy,31.0,27.0,24.0,22.0,21.0,21.0,21.0,22.0,23.0,21.0,20.5,21.0,17.6
Hoàng Minh Giám,Cầu Giấy,29.0,24.0,17.5,18.0,17.0,14.0,14.0,14.5,15.5,17.2,15.5,13.0,10.2
Hoàng Ngân,Cầu Giấy,25.0,18.0,16.5,13.5,14.0,15.0,15.7,14.3,13.0,13.8,13.5,14.0,12.5
Hoàng Quán Chi,Cầu Giấy,62.0,50.0,50.3,55.8,62.0,62.0,62.0,62.0,62.0,55.8,62.0,51.0,48.4
Hoàng Quốc Việt,Cầu Giấy,24.0,18.0,16.0,13.5,14.0,14.2,15.7,14.3,13.0,13.8,13.5,14.0,11.4
Hoàng Quốc Việt kéo dài,Cầu Giấy,25.0,18.0,17.0,14.0,14.0,14.5,15.0,14.2,13.5,13.8,14.0,14.0,11.8
Hoàng Sâm,Cầu Giấy,24.0,18.0,16.0,13.5,14.0,15.0,15.0,14.2,13.5,13.8,13.5,14.0,10.6
Hoàng Đạo Thúy,Cầu Giấy,29.0,24.0,17.5,18.0,17.0,14.0,14.0,14.5,15.0,16.2,16.0,13.0,9.4
Hạ Yên Quyết,Cầu Giấy,62.0,62.0,50.3,55.8,62.0,62.0,62.0,62.0,62.0,55.8,62.0,48.0,44.1
Học Phi,Cầu Giấy,66.0,56.0,51.0,53.5,54.0,55.0,55.0,58.0,61.0,58.8,52.0,49.0,45.4
Hồ Tùng Mậu,Cầu Giấy,30.0,28.0,25.0,25.2,28.0,28.0,30.0,30.5,31.0,29.5,27.5,27.0,23.2
Khúc Thừa Dụ,Cầu Giấy,25.0,18.0,16.5,13.5,14.0,15.0,15.7,14.3,13.0,13.8,13.5,14.0,11.4
Lê Văn Lương,Cầu Giấy,66.0,56.0,54.0,53.0,54.0,54.0,57.0,58.8,60.5,53.2,52.0,48.0,45.0
Lê Đức Thọ,Cầu Giấy,30.0,28.0,25.0,25.5,28.0,29.0,30.0,30.0,30.0,29.2,27.5,27.0,23.7
Lưu Quang Vũ,Cầu Giấy,29.0,27.0,25.0,22.0,20.0,21.0,20.0,21.0,22.0,23.5,23.0,22.0,20.7
Lạc Long Quân,Cầu Giấy,25.0,18.0,17.0,13.5,14.0,15.0,15.7,14.3,13.0,14.2,13.5,14.0,11.5
Mai Dịch,Cầu Giấy,41.0,34.0,32.0,32.0,31.0,33.0,31.0,36.0,41.0,36.8,31.5,32.0,28.4
Mạc Thái Tông,Cầu Giấy,25.0,18.0,16.5,13.5,14.0,15.0,15.7,14.3,13.0,13.8,13.5,14.0,11.9
Mạc Thái Tổ,Cầu Giấy,62.0,62.0,50.3,55.8,62.0,62.0,62.0,62.0,62.0,55.8,62.0,51.0,47.2
Nam Trung Yên,Cầu Giấy,62.0,50.0,50.4,56.0,62.0,62.0,62.0,62.0,62.0,51.0,55.5,48.0,44.5
Nghĩa Tân,Cầu Giấy,30.0,21.0,18.0,17.0,15.0,16.2,18.0,17.5,17.9,19.8,14.5,13.0,10.8
Nghĩa Đô,Cầu Giấy,30.0,22.0,18.5,16.5,15.4,17.1,19.0,17.8,17.6,19.5,14.5,13.0,9.9
Nguyễn Bá Khoản,Cầu Giấy,56.0,49.0,46.0,39.5,42.0,41.5,41.0,42.0,43.0,40.5,30.5,33.0,30.5
Nguyễn Chánh,Cầu Giấy,62.0,50.0,50.3,55.8,62.0,62.0,62.0,62.0,62.0,55.8,62.0,51.0,49.9
Nguyễn Cơ Thạch,Cầu Giấy,41.0,36.0,35.0,34.5,36.0,34.0,36.0,35.8,35.5,34.8,33.5,31.0,27.1
Nguyễn Hữu An,Cầu Giấy,38.0,30.8,34.2,38.0,38.0,38.0,38.0,38.0,38.0,38.0,38.0,38.0,36.0
Nguyễn Khang,Cầu Giấy,38.0,38.0,34.2,38.0,38.0,38.0,38.0,38.0,38.0,38.0,38.0,38.0,36.7
Nguyễn Khánh Toàn,Cầu Giấy,38.0,38.0,34.2,38.0,38.0,38.0,38.0,38.0,38.0,38.0,38.0,38.0,34.7
Nguyễn Khả Trạc,Cầu Giấy,41.0,34.0,32.0,32.0,31.0,31.0,31.0,36.0,41.0,36.8,31.5,32.0,30.8
Nguyễn Ngọc Vũ,Cầu Giấy,56.0,49.0,46.5,39.5,42.0,44.0,41.0,41.8,42.5,41.0,30.0,33.0,31.3
Nguyễn Như Uyên,Cầu Giấy,78.0,78.0,78.0,78.0,78.0,78.0,78.0,78.0,78.0,78.0,78.0,78.0,74.5
Nguyễn Phong Sắc,Cầu Giấy,30.0,21.0,18.5,16.5,15.0,16.2,18.0,17.2,17.1,19.0,14.5,13.0,10.3
Nguyễn Quốc Trị,Cầu Giấy,69.0,69.0,69.0,50.4,55.9,62.1,69.0,69.0,69.0,64.5,61.5,47.0,44.4
Nguyễn Thị Duệ,Cầu Giấy,30.0,28.0,25.0,25.2,28.0,29.0,30.0,30.5,31.0,29.5,27.0,26.0,24.5
Nguyễn Thị Thập,Cầu Giấy,82.0,82.0,82.0,82.0,82.0,82.0,82.0,82.0,82.0,82.0,82.0,82.0,78.6
Nguyễn Thị Định,Cầu Giấy,25.0,18.0,16.0,13.5,14.0,14.2,15.7,14.3,13.0,13.8,13.5,14.0,11.7
Nguyễn Văn Huyên,Cầu Giấy,30.0,21.0,18.5,16.0,15.0,16.2,18.0,17.2,17.1,19.0,14.5,13.0,9.6
Nguyễn Vĩnh Bảo,Cầu Giấy,82.0,82.0,82.0,82.0,82.0,82.0,82.0,82.0,82.0,82.0,82.0,82.0,78.6
Nguyễn Xuân Linh,Cầu Giấy,82.0,82.0,82.0,82.0,82.0,82.0,82.0,82.0,82.0,82.0,82.0,82.0,80.3
Nguyễn Xuân Nham,Cầu Giấy,25.0,18.0,16.0,13.5,14.0,14.5,15.0,14.2,13.5,13.8,14.0,14.0,10.6
Nguyễn Đình Hoàn,Cầu Giấy,25.0,18.0,17.0,13.5,14.0,15.0,15.7,14.3,13.0,14.2,13.5,14.0,11.1
Nguyễn Đỗ Cung,Cầu Giấy,30.0,21.0,18.0,17.0,15.0,16.5,18.0,17.5,17.9,19.8,14.5,13.0,9.5
Phan Văn Trường,Cầu Giấy,66.0,57.0,52.5,53.5,54.0,54.5,55.0,58.0,61.0,53.0,51.0,48.0,44.8
Phan Văn Trường mở rộng,Cầu Giấy,66.0,57.0,53.0,54.0,54.0,54.5,55.0,57.5,60.0,53.0,51.0,49.0,46.3
Phùng Chí Kiên,Cầu Giấy,41.0,41.0,41.0,41.0,41.0,33.0,33.0,33.5,34.0,36.5,36.5,30.0,26.3
Phạm Hùng,Cầu Giấy,62.0,50.0,50.3,55.8,62.0,62.0,62.0,62.0,62.0,55.8,62.0,51.0,49.4
Phạm Thận Duật,Cầu Giấy,41.0,25.7,28.5,30.5,29.0,30.0,31.0,36.0,41.0,33.8,23.5,26.0,23.6
Phạm Tuấn Tài,Cầu Giấy,62.0,50.0,50.3,55.8,62.0,62.0,62.0,62.0,62.0,51.0,55.5,51.0,48.3
Phạm Văn Bạch,Cầu Giấy,62.0,62.0,50.3,55.8,62.0,62.0,62.0,62.0,62.0,55.8,62.0,48.0,45.2
Phạm Văn Đồng,Cầu Giấy,66.0,56.0,54.0,53.0,54.0,54.0,57.0,58.8,60.5,53.2,52.0,48.0,45.4
Quan Hoa,Cầu Giấy,62.0,62.0,50.3,55.8,62.0,62.0,62.0,62.0,62.0,55.8,62.0,48.0,45.6
Thành Thái,Cầu Giấy,25.0,18.0,16.0,13.5,14.0,14.2,15.7,14.3,13.0,13.8,13.5,14.0,11.4
Thâm Tâm,Cầu Giấy,82.0,82.0,82.0,82.0,82.0,82.0,82.0,82.0,82.0,82.0,82.0,82.0,79.3
Thọ Tháp,Cầu Giấy,25.0,18.0,16.0,13.5,14.0,14.5,15.0,14.2,13.5,13.8,14.0,14.0,10.1
Trung Hoà,Cầu Giấy,62.0,50.0,50.3,55.8,62.0,62.0,62.0,62.0,62.0,55.8,62.0,51.0,47.4
Trung Kính,Cầu Giấy,47.0,47.0,47.0,43.0,47.0,47.0,47.0,47.0,47.0,39.5,37.0,35.0,33.6
Trương Công Giai,Cầu Giấy,25.0,18.0,16.5,13.5,14.0,14.5,15.0,14.2,13.5,13.8,14.0,14.0,10.7
Trần Bình,Cầu Giấy,25.0,18.0,16.5,13.5,14.0,14.5,15.0,14.2,13.5,13.8,14.0,14.0,12.8
Trần Cung,Cầu Giấy,31.0,25.2,28.0,30.5,29.9,33.2,36.8,33.5,30.5,26.0,26.0,25.0,24.0
Trần Duy Hưng,Cầu Giấy,41.0,29.7,32.9,36.5,29.0,27.9,31.0,31.0,31.0,34.2,23.5,25.0,22.9
Trần Kim Xuyến,Cầu Giấy,56.0,49.0,46.0,39.5,42.0,44.0,41.0,42.0,43.0,40.8,30.5,33.0,30.9
Trần Quý Kiên,Cầu Giấy,30.0,21.0,18.0,17.5,15.4,17.1,19.0,18.2,17.5,19.2,14.5,13.0,10.8
Trần Quốc Hoàn,Cầu Giấy,25.0,18.0,16.0,13.5,14.0,14.2,15.7,14.3,13.0,13.8,13.5,14.0,10.4
Trần Quốc Vượng,Cầu Giấy,24.0,18.0,16.0,13.5,14.0,14.2,15.7,14.3,13.0,13.8,13.5,14.0,10.2
Trần Thái Tông,Cầu Giấy,25.0,18.0,16.5,13.5,14.0,15.0,15.7,14.3,13.0,13.8,13.5,14.0,12.4
Trần Tử Bình,Cầu Giấy,25.0,18.0,16.5,13.5,14.0,14.5,15.0,14.2,13.5,13.8,14.0,14.0,12.8
Trần Vỹ,Cầu Giấy,25.0,18.0,16.5,13.5,14.0,15.0,15.7,14.3,13.0,13.8,13.5,14.0,10.2
Trần Đăng Ninh,Cầu Giấy,25.0,18.0,16.5,13.5,14.0,15.0,15.7,14.3,13.0,13.8,13.5,14.0,11.8
Tuổi Trẻ,Cầu Giấy,25.0,18.0,17.0,14.0,14.0,14.5,15.0,14.2,13.5,13.8,14.0,14.0,10.4
Tô Hiệu,Cầu Giấy,26.0,24.0,22.0,21.5,21.0,22.0,22.0,24.2,26.5,23.8,20.7,23.0,20.7
Tôn Thất Thuyết,Cầu Giấy,62.0,62.0,50.3,55.8,62.0,62.0,62.0,62.0,62.0,55.8,62.0,48.0,45.5
Tú Mỡ,Cầu Giấy,62.0,50.0,50.3,55.8,62.0,62.0,62.0,62.0,62.0,51.0,55.5,51.0,47.6
Võ Chí Công,Cầu Giấy,56.0,49.0,46.5,40.0,42.0,41.5,41.0,41.8,42.5,41.0,30.0,33.0,30.0
Vũ Phạm Hàm,Cầu Giấy,30.0,23.0,25.0,21.0,21.0,19.8,22.0,20.0,18.5,20.5,20.5,18.0,14.5
Xuân Quỳnh,Cầu Giấy,25.0,18.0,16.5,14.0,14.0,14.5,15.0,14.2,13.5,13.8,14.0,14.0,11.8
Xuân Thủy,Cầu Giấy,25.0,18.0,17.0,13.0,14.0,15.0,15.7,14.3,13.0,14.0,13.5,15.0,13.3
Xuân Tảo,Cầu Giấy,25.0,18.0,16.5,13.0,14.0,15.0,15.7,14.3,13.0,14.0,13.5,15.0,11.7
Yên Hòa,Cầu Giấy,62.0,50.0,50.4,56.0,62.0,62.0,62.0,62.0,62.0,51.0,55.5,48.0,44.2
Đinh Núp,Cầu Giấy,62.0,50.0,50.3,55.8,62.0,62.0,62.0,62.0,62.0,55.8,62.0,51.0,48.6
Đông Quan,Cầu Giấy,62.0,50.0,50.3,55.8,62.0,62.0,62.0,62.0,62.0,55.8,62.0,51.0,48.2
Đại lộ Thăng Long,Cầu Giấy,72.0,72.0,72.0,64.8,72.0,72.0,70.7,64.3,58.5,58.2,59.0,56.0,52.3
Đặng Thùy Trâm,Cầu Giấy,24.0,18.0,16.0,13.5,14.0,14.2,15.7,14.3,13.0,13.8,13.5,14.0,11.3
Đỗ Quang,Cầu Giấy,30.0,22.0,18.0,17.0,15.4,17.1,19.0,18.0,17.9,19.8,14.5,13.0,11.5
Ao Sào,Hoàng Mai,28.0,25.0,24.0,21.5,22.0,22.0,23.0,23.2,23.5,23.0,22.5,21.0,18.1
Bãi Gỗ,Hoàng Mai,28.0,25.0,24.0,21.5,22.0,22.0,23.0,22.8,22.5,23.0,22.5,21.0,19.7
Bùi Huy Bích,Hoàng Mai,33.0,27.0,26.5,23.0,23.0,24.0,25.0,27.0,29.0,23.9,26.5,11.0,9.6
Bùi Huy Đáp,Hoàng Mai,33.0,27.0,26.5,23.5,23.0,24.0,25.0,27.0,29.0,23.9,26.5,11.0,9.6
Bùi Quốc Khái,Hoàng Mai,30.0,24.0,21.0,21.0,21.0,21.0,22.0,21.2,20.5,20.8,20.5,19.0,15.7
Bùi Xương Trạch,Hoàng Mai,31.0,24.0,23.0,19.5,19.0,21.0,23.0,21.8,20.5,20.5,21.5,21.0,18.5
Bạch Mai II,Hoàng Mai,28.0,25.0,24.0,21.5,22.0,22.0,23.0,22.8,22.5,23.0,22.5,21.0,18.0
Bạch Đằng,Hoàng Mai,39.0,33.0,31.0,29.5,30.0,29.0,28.0,29.2,30.5,30.2,29.5,27.0,23.2
Bắc Linh Đàm,Hoàng Mai,29.0,26.0,22.5,21.5,22.0,22.0,19.0,21.5,24.0,21.2,20.5,20.0,16.9
Bằng B,Hoàng Mai,30.0,25.0,23.0,18.5,19.0,20.7,23.0,22.5,22.0,21.5,21.6,24.0,20.8
Bằng Liệt,Hoàng Mai,28.0,25.0,24.5,22.0,22.0,22.5,23.0,22.8,22.5,23.0,22.5,21.0,19.2
Bờ Sông Kim Ngưu,Hoàng Mai,26.0,22.0,20.0,20.0,18.7,20.7,23.0,21.8,20.5,18.8,18.5,19.0,17.3
Bờ Sông Sét,Hoàng Mai,28.0,25.0,24.5,22.0,22.0,22.5,23.0,22.8,22.5,23.0,22.5,21.0,18.1
Central,Hoàng Mai,28.0,25.0,24.0,21.5,22.0,22.0,23.0,23.0,23.0,23.0,22.5,21.0,18.5
Chung cư Thông tấn xã Việt Nam,Hoàng Mai,36.0,36.0,31.5,25.5,24.0,24.0,13.0,16.2,19.7,21.8,21.6,24.0,22.0
Cổ Mai,Hoàng Mai,26.0,22.0,19.5,19.8,22.0,22.5,23.0,21.2,19.5,19.8,17.5,16.0,14.0
Dương Văn Bé,Hoàng Mai,55.0,55.0,55.0,41.0,42.0,42.0,44.7,40.7,37.0,38.3,42.5,46.0,44.0
Giáp Bát,Hoàng Mai,28.0,25.0,24.0,21.5,22.0,22.0,23.0,23.0,23.0,23.0,22.5,21.0,18.9
Giáp Nhị,Hoàng Mai,28.0,25.0,24.0,21.5,22.0,22.5,23.0,22.8,22.5,23.0,22.5,21.0,17.4
Giải Phóng,Hoàng Mai,28.0,25.0,24.0,22.0,22.0,22.5,23.0,22.8,22.5,23.0,22.0,21.0,19.7
Hoàng Liệt,Hoàng Mai,33.0,27.0,25.5,23.5,23.0,24.0,25.0,27.0,29.0,23.9,26.5,11.0,9.5
Hoàng Mai,Hoàng Mai,28.0,25.0,24.0,21.5,22.0,22.5,23.0,23.0,23.0,23.0,22.5,21.0,17.2
Hưng Phúc,Hoàng Mai,28.0,25.0,24.0,21.5,22.0,22.0,23.0,22.8,22.5,23.0,22.5,21.0,17.3
Hưng Thịnh,Hoàng Mai,33.0,27.0,26.0,23.5,23.0,23.0,25.0,27.0,29.0,23.9,26.5,11.0,9.2
Hồ Vĩnh Hoàng,Hoàng Mai,28.0,25.0,24.0,21.5,22.0,22.0,23.0,23.0,23.0,23.0,22.5,21.0,18.5
Hồ Đền Lừ,Hoàng Mai,26.0,22.0,20.0,20.5,18.7,20.7,23.0,21.5,20.0,18.8,18.0,19.0,16.3
Hồng Quang,Hoàng Mai,28.0,25.0,24.0,21.5,22.0,22.0,23.0,23.0,23.0,23.0,22.5,21.0,17.8
Kim Giang,Hoàng Mai,30.0,24.0,21.5,21.5,21.0,21.5,22.0,21.2,20.5,21.5,20.5,19.0,15.0
Kim Đồng,Hoàng Mai,28.0,25.0,24.0,22.0,22.0,22.5,23.0,22.8,22.5,23.0,22.0,21.0,19.4
Linh Đàm,Hoàng Mai,29.0,26.0,22.5,21.5,22.0,22.0,19.0,21.2,23.5,21.5,20.0,20.0,17.2
Linh Đường,Hoàng Mai,33.0,31.0,28.0,25.5,25.0,25.0,25.0,25.0,25.0,23.8,22.0,23.0,21.7
Lĩnh Nam,Hoàng Mai,33.0,32.0,27.5,25.5,25.0,25.5,26.0,25.5,25.0,24.5,22.0,23.0,19.6
Lĩnh Nam mở rộng,Hoàng Mai,33.0,31.0,28.0,25.5,25.0,25.0,25.0,25.0,25.0,24.2,22.0,23.0,21.7
Lương Khánh Thiện,Hoàng Mai,26.0,24.0,21.0,20.5,20.0,20.0,22.0,22.0,22.0,20.2,20.5,19.0,16.2
Lạc Hồng,Hoàng Mai,28.0,25.0,24.0,21.5,22.0,22.0,23.0,22.8,22.5,23.0,22.5,21.0,18.4
Mai Động,Hoàng Mai,25.0,22.0,20.0,20.0,18.7,20.7,23.0,21.5,20.0,18.8,18.0,19.0,17.9
Nam Dư,Hoàng Mai,33.0,31.0,28.0,25.5,25.0,25.0,25.0,25.0,25.0,23.8,22.0,23.0,21.0
Nam Hồng,Hoàng Mai,28.0,25.0,24.0,21.5,22.0,22.0,23.0,22.8,22.5,23.0,22.5,21.0,18.1
Nam Sơn,Hoàng Mai,28.0,25.0,23.5,21.5,22.0,22.0,23.0,23.0,23.0,23.0,22.5,21.0,17.9
Nghiêm Xuân Yêm,Hoàng Mai,30.0,26.0,23.0,20.5,22.0,21.0,20.0,21.8,23.5,21.0,21.5,20.0,16.3
Nguyễn An Ninh,Hoàng Mai,28.0,25.0,24.0,21.5,22.0,22.0,23.0,22.8,22.5,23.0,22.5,21.0,18.2
Nguyễn Chính,Hoàng Mai,28.0,25.0,23.5,21.5,22.0,22.0,23.0,23.0,23.0,23.0,22.5,21.0,18.6
Nguyễn Công Thái,Hoàng Mai,26.0,16.0,15.5,13.5,15.0,15.0,12.0,13.8,15.5,16.0,12.5,11.0,8.5
Nguyễn Cảnh Dị,Hoàng Mai,26.0,22.0,20.0,20.0,18.7,20.7,23.0,21.8,20.5,18.8,18.5,18.0,15.9
Nguyễn Duy Trinh,Hoàng Mai,31.0,27.0,22.5,17.0,12.0,12.0,10.2,9.3,8.5,8.1,9.0,10.0,7.4
Nguyễn Hữu Thọ,Hoàng Mai,34.0,34.0,28.5,23.5,25.0,22.0,19.0,20.8,22.5,22.5,25.0,20.0,17.2
Nguyễn Khoái,Hoàng Mai,28.0,25.0,24.0,22.0,22.0,22.5,23.0,22.8,22.5,23.0,22.0,21.0,17.7
Nguyễn Phan Chánh,Hoàng Mai,31.0,27.0,22.5,17.0,12.0,12.0,10.2,9.3,8.5,8.1,9.0,10.0,7.3
Nguyễn Văn Viên,Hoàng Mai,26.0,22.0,20.0,20.0,18.7,20.7,23.0,21.8,20.5,18.8,18.5,18.0,15.4
Nguyễn Xiển,Hoàng Mai,28.0,25.0,24.5,22.0,22.0,22.5,23.0,22.8,22.5,23.0,22.0,21.0,17.1
Nguyễn Đức Cảnh,Hoàng Mai,26.0,22.0,20.0,20.5,18.7,20.7,23.0,21.8,20.5,18.8,18.0,19.0,15.6
Ngũ Nhạc,Hoàng Mai,28.0,25.0,23.5,21.5,22.0,22.0,23.0,23.0,23.0,23.0,22.5,21.0,19.6
Ngọc Hồi,Hoàng Mai,39.0,39.0,33.0,32.5,34.0,33.5,33.0,33.0,33.0,33.2,30.0,31.0,29.7
Park,Hoàng Mai,28.0,25.0,23.5,21.5,22.0,22.0,23.0,23.0,23.0,22.8,22.5,21.0,17.2
Pháp Vân,Hoàng Mai,33.0,27.0,24.5,25.0,23.0,23.0,25.0,26.8,28.5,23.9,26.5,11.0,8.3
Phạm Tu,Hoàng Mai,28.0,25.0,24.0,22.0,22.0,22.5,23.0,22.8,22.5,23.0,22.0,21.0,17.1
Quang Liệt,Hoàng Mai,28.0,25.0,24.0,21.5,22.0,22.0,23.0,22.8,22.5,23.0,22.5,21.0,18.7
Sở Thượng,Hoàng Mai,25.0,22.0,19.5,20.0,18.7,20.7,23.0,21.5,20.0,18.8,18.0,19.0,16.2
Tam Trinh,Hoàng Mai,23.0,22.0,18.0,19.5,20.0,21.5,23.0,22.0,21.0,21.0,19.5,19.0,17.8
Tam Trinh mở rộng,Hoàng Mai,23.0,24.0,19.0,20.0,20.0,20.7,23.0,22.2,21.5,21.5,19.5,19.0,15.8
Thanh Lân,Hoàng Mai,28.0,25.0,24.0,21.5,22.0,22.0,23.0,22.8,22.5,23.0,22.5,21.0,19.7
Thanh Đàm,Hoàng Mai,28.0,25.0,24.0,21.5,22.0,22.0,23.0,22.8,22.5,23.0,22.5,21.0,17.7
Thúy Lĩnh,Hoàng Mai,33.0,31.0,28.0,25.5,25.0,25.0,25.0,25.0,25.0,24.2,22.0,23.0,19.8
Thịnh Liệt,Hoàng Mai,33.0,27.0,23.0,23.5,23.0,23.0,25.0,27.0,29.0,23.9,26.5,11.0,9.1
Trương Định,Hoàng Mai,28.0,25.0,24.5,22.0,22.0,22.5,23.0,22.8,22.5,23.0,22.5,21.0,19.1
Trần Hòa,Hoàng Mai,33.0,32.0,27.5,25.5,25.0,25.5,26.0,25.5,25.0,24.5,22.0,23.0,20.2
Trần Nguyên Đán,Hoàng Mai,28.0,25.0,24.0,21.5,22.0,22.0,23.0,23.0,23.0,23.0,22.5,21.0,19.3
Trần Thủ Độ,Hoàng Mai,26.0,22.0,20.0,20.0,18.7,20.7,23.0,21.8,20.5,18.8,18.5,18.0,16.2
Trần Điền,Hoàng Mai,33.0,31.0,28.0,25.5,25.0,25.0,25.0,25.2,25.5,24.2,22.0,23.0,19.6
Trần Đại Nghĩa,Hoàng Mai,26.0,22.0,20.0,19.8,22.0,22.0,23.0,21.2,19.5,19.8,17.5,18.0,15.5
Trịnh Đình Cửu,Hoàng Mai,26.0,25.0,20.5,20.5,20.0,20.5,21.0,22.0,23.0,21.0,20.0,20.0,16.5
Tân Khai,Hoàng Mai,28.0,25.0,24.0,21.5,22.0,22.0,23.0,22.8,22.5,23.0,22.5,21.0,18.4
Tân Mai,Hoàng Mai,28.0,25.0,24.5,22.0,22.0,22.5,23.0,22.8,22.5,23.0,22.0,21.0,17.2
Tây Trà,Hoàng Mai,33.0,31.0,28.0,25.5,25.0,25.0,25.0,25.0,25.0,24.2,22.0,23.0,21.0
Tương Mai,Hoàng Mai,55.0,55.0,55.0,43.0,42.0,42.0,45.3,41.2,37.5,38.3,42.5,46.0,43.8
Văn Tân,Hoàng Mai,25.0,22.0,19.5,20.0,18.7,20.7,23.0,21.5,20.0,18.8,18.0,19.0,17.3
Vĩnh Hoàng,Hoàng Mai,33.0,32.0,27.5,25.5,25.0,25.5,26.0,25.5,25.0,24.5,22.0,23.0,21.4
Vĩnh Hưng,Hoàng Mai,23.0,22.0,18.0,19.5,20.0,21.5,23.0,22.0,21.0,21.0,19.5,19.0,16.5
Vĩnh Tuy - Minh Khai - Yên Duyên,Hoàng Mai,23.0,24.0,19.0,20.0,20.0,20.7,23.0,22.2,21.5,21.5,19.5,19.0,15.4
Vũ Tuyên Hoàng,Hoàng Mai,28.0,25.0,24.0,21.5,22.0,22.0,23.0,22.8,22.5,22.8,22.5,21.0,18.9
Vũ Tông Phan,Hoàng Mai,30.0,24.0,21.5,21.0,21.0,21.5,22.0,21.2,20.5,21.5,20.5,19.0,15.3
Yên Duyên,Hoàng Mai,23.0,24.0,19.0,19.5,20.0,20.7,23.0,22.5,22.0,21.5,19.0,19.0,16.1
Yên Sở,Hoàng Mai,33.0,31.0,27.0,25.5,25.0,25.0,25.0,25.2,25.5,24.2,22.0,23.0,19.6
kênh xả,Hoàng Mai,28.0,25.0,24.0,21.5,22.0,22.0,23.0,22.8,22.5,23.0,22.5,21.0,18.7
ven đê Hữu Hồng,Hoàng Mai,48.0,36.0,34.0,34.5,33.0,35.1,39.0,38.2,37.5,34.8,32.5,30.0,26.2
vào Bãi Gỗ,Hoàng Mai,28.0,25.0,24.0,21.5,22.0,22.0,23.0,22.8,22.5,23.0,22.5,21.0,20.0
xuống hầm gửi xe chung cư HH,Hoàng Mai,26.0,23.0,22.0,21.5,21.0,21.0,22.0,24.2,26.5,23.2,20.7,23.0,19.8
Đi Trung tâm Hà Nội,Hoàng Mai,23.0,24.0,19.0,20.0,20.0,20.7,23.0,22.2,21.5,21.5,19.5,19.0,15.5
Đê Hữu Hồng,Hoàng Mai,40.0,36.0,33.5,34.0,33.0,36.0,39.0,38.5,38.0,35.2,32.5,30.0,28.8
Đê Thanh Trì,Hoàng Mai,46.0,46.0,46.0,46.0,46.0,46.0,46.0,42.5,39.0,35.0,34.0,32.0,29.2
Đông Thiên,Hoàng Mai,28.0,25.0,24.0,21.5,22.0,22.0,23.0,23.0,23.0,23.0,22.5,21.0,19.2
Đại Kim,Hoàng Mai,29.0,26.0,22.5,21.5,22.0,22.0,19.0,21.2,23.5,21.5,20.5,20.0,16.7
Đại Từ,Hoàng Mai,29.0,26.0,24.0,20.5,22.0,20.5,19.0,21.2,23.5,21.0,20.5,20.0,16.4
Đại Đồng,Hoàng Mai,60.0,60.0,60.0,54.0,60.0,51.0,42.0,47.0,52.0,54.0,60.0,41.0,37.3
Đạm Phương,Hoàng Mai,31.0,27.0,21.5,17.0,12.0,12.0,10.2,9.3,8.5,8.1,9.0,10.0,7.1
Đầm Dọc Ngang,Hoàng Mai,28.0,25.0,24.0,21.5,22.0,22.0,23.0,22.8,22.5,23.0,22.5,21.0,18.1
Đặng Trần Đức,Hoàng Mai,26.0,25.0,20.0,20.5,20.0,20.5,21.0,22.0,23.0,20.8,20.0,20.0,17.4
Đặng Xuân Bảng,Hoàng Mai,28.0,25.0,24.0,22.0,22.0,22.5,23.0,22.8,22.5,23.0,22.5,21.0,18.9
Đền Lừ,Hoàng Mai,25.0,22.0,20.0,20.0,18.7,20.7,23.0,21.5,20.0,18.8,18.0,19.0,15.5
Định Công,Hoàng Mai,28.0,26.0,23.0,22.0,20.0,20.5,21.0,21.5,22.0,22.8,23.5,22.0,18.7
Định Công Hạ,Hoàng Mai,28.0,26.0,23.0,22.0,20.0,20.5,21.0,21.5,22.0,22.8,23.5,22.0,20.7
Định Công Thượng,Hoàng Mai,28.0,25.0,24.0,21.5,22.0,22.5,23.0,22.8,22.5,23.0,22.5,21.0,17.6
Đống Kỳ,Hoàng Mai,28.0,25.0,24.0,21.5,22.0,22.5,23.0,22.8,22.5,23.0,22.5,21.0,18.4
Đồng Mơ,Hoàng Mai,28.0,25.0,24.0,21.5,22.0,22.0,23.0,23.0,23.0,23.0,22.5,21.0,19.6
Đỗ Mười,Hoàng Mai,28.0,25.0,24.0,22.5,22.0,22.5,23.0,22.8,22.5,23.0,22.0,21.0,17.4
An Hoà,Hà Đông,33.0,28.0,27.0,25.0,22.5,22.0,22.0,23.5,25.0,24.2,22.5,22.0,18.9
An Thắng,Hà Đông,31.0,28.0,26.0,24.0,22.5,23.0,23.0,24.8,26.5,22.5,25.0,23.0,19.9
Ao Sen,Hà Đông,33.0,28.0,27.0,25.0,22.5,22.0,22.0,23.5,25.0,24.2,22.5,22.0,18.3
Ba La,Hà Đông,30.0,26.0,24.0,21.0,19.5,21.6,24.0,23.5,23.0,22.0,20.7,23.0,20.6
Biên Giang,Hà Đông,30.0,27.0,26.5,25.0,24.5,24.0,25.0,27.0,29.0,25.2,24.0,22.0,19.3
Bà Triệu,Hà Đông,30.0,26.0,23.0,20.0,20.3,22.5,25.0,24.2,23.5,22.0,20.0,22.0,19.4
Bùi Bằng Đoàn,Hà Đông,29.0,25.0,22.0,20.0,19.9,22.1,24.5,24.0,23.5,22.0,20.7,23.0,19.9
Bạch Thái Bưởi,Hà Đông,35.0,26.0,23.0,19.0,19.0,20.3,22.5,21.8,21.0,21.0,21.5,23.0,19.8
Bắc Lãm,Hà Đông,29.0,25.0,22.0,20.0,19.5,21.6,24.0,23.8,23.5,22.0,20.7,23.0,21.5
Bế Văn Đàn,Hà Đông,26.0,23.0,22.0,22.0,21.0,21.0,22.0,24.0,26.0,23.0,20.5,22.0,19.7
Bến Chằm,Hà Đông,26.0,23.0,22.0,22.0,21.0,21.0,22.0,24.0,26.0,23.0,20.5,22.0,19.0
Bến Phà,Hà Đông,12.2,13.5,15.0,11.0,11.7,13.0,11.2,10.2,10.7,11.8,12.6,14.0,11.2
Cao Thắng,Hà Đông,30.0,27.0,27.0,25.0,24.5,24.0,25.0,27.0,29.0,25.2,23.5,22.0,18.4
Chiến Thắng,Hà Đông,31.0,28.0,27.0,24.0,22.5,23.0,23.0,24.8,26.5,22.2,24.5,23.0,19.3
Chu Văn An,Hà Đông,26.0,23.0,24.0,22.0,20.0,21.0,23.0,25.2,27.5,23.8,22.5,25.0,23.2
Chùa Tổng,Hà Đông,79.0,79.0,79.0,79.0,79.0,79.0,79.0,79.0,79.0,79.0,79.0,79.0,77.8
Chùa Võ,Hà Đông,32.0,27.0,26.0,25.0,27.0,27.0,27.0,27.0,27.0,26.8,26.5,23.0,21.7
Công viên Văn Phú,Hà Đông,41.0,34.0,31.0,31.0,31.5,31.0,32.5,35.0,37.5,32.5,32.5,33.0,30.7
Cù Chính Lan,Hà Đông,27.0,26.0,23.0,22.0,18.0,19.0,18.5,18.0,17.5,18.8,18.0,15.0,11.9
Cống Đá,Hà Đông,46.0,39.0,38.0,40.0,36.5,37.0,37.5,38.2,39.0,37.5,34.5,34.0,32.8
Cổ Bản - Nhân Sơn,Hà Đông,26.0,23.0,22.0,22.0,21.0,21.0,22.0,24.0,26.0,22.5,20.5,22.0,19.3
Cửa Quán,Hà Đông,24.0,23.0,21.0,18.0,18.5,18.0,19.5,21.5,23.5,20.8,21.0,20.0,16.0
Dương Lâm,Hà Đông,31.0,28.0,25.0,24.0,22.5,23.0,23.0,24.5,26.0,22.2,24.5,23.0,19.6
Dương Nội,Hà Đông,29.0,25.0,20.0,20.3,22.5,22.0,21.0,23.5,26.0,22.8,22.0,23.0,21.9
Giang Chính,Hà Đông,25.0,22.0,22.0,22.0,21.5,21.0,22.0,23.8,25.5,22.8,20.5,22.0,19.3
Hoàng Công,Hà Đông,46.0,38.0,38.0,40.0,36.5,37.0,37.5,38.2,39.0,37.2,34.5,34.0,31.0
Hoàng Diệu,Hà Đông,25.0,22.0,22.0,22.0,21.5,21.0,22.0,24.0,26.0,22.8,20.5,22.0,18.9
Hoàng Trình Thanh,Hà Đông,33.0,27.0,26.0,25.0,24.0,23.0,25.0,26.8,28.5,23.9,26.5,12.0,9.6
Hoàng Tùng,Hà Đông,26.0,23.0,22.0,23.0,21.0,21.0,22.0,24.0,26.0,22.8,20.0,22.0,20.6
Hoàng Văn Thụ,Hà Đông,25.0,22.0,22.0,22.0,21.5,21.0,22.0,24.0,26.0,22.8,20.5,22.0,19.1
Hoàng Đôn Hoà,Hà Đông,26.0,22.0,22.0,23.0,21.0,21.0,22.5,24.0,25.5,22.8,20.0,22.0,19.1
Huyền Kỳ,Hà Đông,46.0,39.0,36.0,35.0,36.5,37.0,39.0,38.2,37.5,36.2,35.5,33.0,30.6
Huỳnh Thúc Kháng,Hà Đông,25.0,22.0,22.0,22.0,21.5,21.0,22.0,24.0,26.0,22.8,20.5,22.0,19.2
Hà Trì,Hà Đông,30.0,26.0,22.0,20.0,19.5,21.2,23.5,23.5,23.5,22.0,20.0,22.0,20.8
Hòa Bình,Hà Đông,32.0,28.0,24.0,24.0,21.0,21.6,24.0,24.8,25.5,24.8,23.0,22.0,20.3
Hạnh Hoa,Hà Đông,32.0,28.0,24.0,24.0,21.0,21.6,24.0,24.8,25.5,24.8,23.0,22.0,19.2
Hồ Học Lãm,Hà Đông,43.0,43.0,34.0,33.0,34.9,38.7,43.0,40.8,38.5,36.8,33.0,32.0,29.1
Hữu Hòa,Hà Đông,47.0,35.0,29.0,30.0,32.0,32.0,35.5,35.2,35.0,32.2,32.0,28.0,25.5
Hữu Hưng,Hà Đông,30.0,26.0,23.0,20.0,20.3,22.5,25.0,24.2,23.5,22.0,20.0,22.0,20.0
Kiến Hưng,Hà Đông,32.0,27.0,27.0,26.0,27.0,27.0,26.0,26.8,27.5,26.8,27.5,23.0,20.1
La Dương,Hà Đông,32.0,28.0,24.0,24.0,20.5,21.6,24.0,24.5,25.0,24.8,23.0,22.0,20.8
La Nội,Hà Đông,25.0,22.0,22.0,22.0,21.5,21.0,22.0,24.0,26.0,22.8,20.5,22.0,19.5
Liên Xã Thôn Hữu Lê,Hà Đông,46.0,39.0,36.0,35.0,37.0,37.0,39.5,38.5,37.5,36.2,35.5,33.0,31.9
Lê Giản,Hà Đông,26.0,23.0,22.0,23.0,21.0,21.0,22.0,24.0,26.0,22.8,20.0,22.0,20.9
Lê Hồng Phong,Hà Đông,26.0,22.0,22.0,23.0,21.0,21.0,22.0,23.8,25.5,22.8,20.0,22.0,18.7
Lê Hữu Trác,Hà Đông,29.0,25.0,21.0,20.0,19.9,22.1,24.5,23.8,23.0,21.8,19.8,22.0,18.9
Lê Lai,Hà Đông,26.0,22.0,22.0,23.0,21.0,21.0,22.0,23.8,25.5,22.8,20.0,22.0,18.9
Lê Lợi,Hà Đông,26.0,22.0,22.0,23.0,21.0,21.0,22.0,23.8,25.5,22.8,20.0,22.0,20.6
Lê Quý Đôn,Hà Đông,29.0,25.0,21.0,20.0,19.9,22.1,24.5,23.8,23.0,21.8,19.8,22.0,19.6
Lê Trọng Tấn,Hà Đông,32.0,27.0,27.0,25.0,26.5,27.0,26.0,26.8,27.5,26.8,27.5,23.0,20.5
Lê Văn Tám,Hà Đông,28.0,25.0,20.0,19.8,22.0,22.0,21.5,23.8,26.0,23.2,22.0,22.0,18.1
Lý Thường Kiệt,Hà Đông,26.0,22.0,22.0,23.0,21.0,21.0,22.0,23.8,25.5,23.0,20.5,22.0,20.8
Lý Triện,Hà Đông,40.0,38.0,34.0,36.0,35.0,37.0,38.0,38.5,39.0,37.8,38.0,34.0,32.6
Lý Tự Trọng,Hà Đông,29.0,24.0,20.0,20.3,22.5,22.0,21.5,23.8,26.0,22.8,22.0,22.0,20.0
Lương Ngọc Quyến,Hà Đông,31.0,28.0,25.0,24.0,22.5,23.0,23.0,24.5,26.0,22.2,24.5,23.0,20.8
Lương Văn Can,Hà Đông,25.0,22.0,22.0,22.0,21.5,21.0,22.0,24.2,26.5,22.8,20.5,22.0,18.8
Lụa,Hà Đông,29.0,24.0,23.0,24.0,24.5,24.0,24.5,25.0,25.5,23.5,22.0,22.0,19.9
Mậu Lương,Hà Đông,31.0,28.0,25.0,23.0,20.5,21.2,23.5,24.5,25.5,24.8,23.0,22.0,20.2
Mộ Lao,Hà Đông,33.0,28.0,27.0,25.0,22.5,22.0,22.0,23.5,25.0,24.2,22.5,22.0,20.7
Nghĩa Bình,Hà Đông,30.0,27.0,27.0,25.0,25.0,24.0,25.0,27.2,29.5,24.8,24.0,22.0,18.1
Nghĩa Lộ,Hà Đông,34.0,27.0,28.0,26.6,29.5,30.2,33.5,32.8,32.0,29.2,27.5,28.0,24.1
Nguyễn Công Trứ,Hà Đông,35.0,26.0,23.0,19.0,19.0,20.3,22.5,21.8,21.0,21.0,21.5,23.0,20.1
Nguyễn Khắc Hạnh,Hà Đông,34.0,30.0,26.0,23.0,22.0,21.0,22.0,22.8,23.5,23.0,22.5,20.0,16.5
Nguyễn Sơn Hà,Hà Đông,35.0,26.0,23.0,19.0,19.0,20.3,22.5,21.8,21.0,21.0,21.5,23.0,20.0
Nguyễn Thanh Bình,Hà Đông,34.0,30.0,26.0,24.0,22.0,21.0,22.0,22.8,23.5,24.0,22.5,20.0,16.6
Nguyễn Thái Học,Hà Đông,30.0,27.0,27.0,25.0,24.5,24.0,25.0,27.0,29.0,25.2,23.5,22.0,19.0
Nguyễn Thượng Hiền,Hà Đông,30.0,27.0,27.0,25.0,24.5,24.0,25.0,27.0,29.0,25.2,23.5,22.0,19.5
Nguyễn Thị Minh Khai,Hà Đông,26.0,23.0,22.0,22.0,21.0,21.0,22.0,24.0,26.0,23.0,20.5,22.0,20.9
Nguyễn Trác,Hà Đông,41.0,34.0,31.0,31.0,33.3,36.9,41.0,41.0,41.0,33.0,33.0,32.0,30.2
Nguyễn Trãi,Hà Đông,41.0,29.0,27.0,25.0,22.5,22.0,21.0,23.2,25.5,23.8,22.5,22.0,19.1
Nguyễn Trực,Hà Đông,34.0,30.0,26.5,24.0,22.0,21.0,21.0,22.5,24.0,24.0,22.5,20.0,17.2
Nguyễn Viết Xuân,Hà Đông,30.0,27.0,27.0,25.0,24.5,24.0,25.0,27.0,29.0,25.2,23.5,22.0,20.5
Nguyễn Văn Luyện,Hà Đông,31.0,31.0,31.0,31.0,31.0,31.0,31.0,31.0,31.0,29.8,31.0,31.0,28.5
Nguyễn Văn Lộc,Hà Đông,34.0,30.0,26.0,24.0,22.0,21.0,22.0,22.8,23.5,23.0,22.5,20.0,17.2
Nguyễn Văn Trỗi,Hà Đông,33.0,28.0,27.0,25.0,22.5,22.0,21.5,23.2,25.0,23.8,22.0,22.0,19.1
Ngô Gia Khảm,Hà Đông,26.0,23.0,24.0,22.0,20.5,21.2,23.5,25.0,26.5,24.0,22.5,25.0,22.1
Ngô Gia Tự,Hà Đông,30.0,27.0,27.0,25.0,24.5,24.0,25.0,27.0,29.0,25.2,23.5,22.0,19.8
Ngô Quyền,Hà Đông,26.0,23.0,24.0,23.0,20.0,21.2,23.5,25.2,27.0,24.0,22.5,25.0,22.0
Ngô Thì Nhậm,Hà Đông,30.0,27.0,27.0,25.0,24.5,24.0,25.0,27.0,29.0,25.5,24.0,22.0,18.4
Ngô Thì Sỹ,Hà Đông,29.0,24.0,23.0,24.0,24.5,24.0,24.5,25.2,26.0,23.5,22.5,22.0,19.7
Ngô Đình Mẫn,Hà Đông,32.0,27.0,26.0,25.0,27.0,27.0,27.0,27.2,27.5,27.2,27.0,23.0,21.3
Nhuệ Giang,Hà Đông,12.2,13.5,15.0,11.0,11.7,13.0,11.2,10.2,10.7,11.8,12.6,14.0,12.2
Nhân Huệ,Hà Đông,41.0,38.0,39.0,37.0,40.0,39.0,41.0,40.0,39.0,38.0,35.5,33.0,30.3
Nhân Trạch,Hà Đông,26.0,23.0,22.0,22.0,21.0,21.0,22.0,24.0,26.0,22.5,20.5,22.0,20.1
Nông Quốc Chấn,Hà Đông,39.0,33.0,30.0,30.0,30.5,30.0,29.0,29.8,30.5,29.8,28.5,28.0,25.4
Phan Bội Châu,Hà Đông,29.0,25.0,22.0,20.0,19.9,22.1,24.5,24.0,23.5,22.0,20.7,23.0,19.9
Phan Chu Trinh,Hà Đông,26.0,23.0,24.0,22.0,20.5,21.2,23.5,25.0,26.5,24.0,22.5,25.0,21.6
Phan Hiền,Hà Đông,26.0,23.0,24.0,22.0,20.5,21.2,23.5,25.0,26.5,24.0,22.5,25.0,22.5
Phan Huy Chú,Hà Đông,25.0,23.0,24.0,22.0,20.5,21.2,23.5,25.0,26.5,24.0,22.5,25.0,22.1
Phan Kế Toại,Hà Đông,29.0,29.0,18.0,18.0,17.1,18.9,21.0,19.2,17.9,19.8,18.5,16.0,14.3
Phan Đình Giót,Hà Đông,32.0,27.0,26.0,26.0,27.0,27.0,27.5,27.5,27.5,26.8,26.5,23.0,20.4
Phan Đình Phùng,Hà Đông,30.0,27.0,27.0,25.0,25.0,24.0,25.0,27.0,29.0,25.2,23.5,22.0,20.8
Phùng Hưng,Hà Đông,29.0,26.0,23.0,19.0,18.5,19.8,22.0,21.8,21.5,21.0,21.5,23.0,19.7
Phú Cường,Hà Đông,46.0,36.0,34.0,31.1,34.5,38.1,42.3,38.5,35.0,34.0,29.5,29.0,27.8
Phú La,Hà Đông,32.0,28.0,24.0,24.0,21.0,21.6,24.0,24.8,25.5,24.8,23.5,22.0,18.8
Phú Lương,Hà Đông,46.0,34.0,34.0,33.0,35.0,35.0,38.5,38.0,37.5,37.2,35.5,33.0,31.0
Phúc La,Hà Đông,29.0,26.0,22.5,19.0,18.5,19.8,22.0,21.8,21.5,21.0,21.5,23.0,21.6
Phúc Thành,Hà Đông,35.0,26.0,24.0,19.0,18.5,20.3,22.5,21.8,21.0,21.2,22.0,23.0,19.6
Phúc Tiến,Hà Đông,78.0,78.0,78.0,78.0,78.0,78.0,78.0,78.0,78.0,78.0,78.0,78.0,76.6
Phượng Bãi,Hà Đông,26.0,22.0,22.0,23.0,21.0,21.0,22.0,23.8,25.5,23.0,20.5,22.0,19.9
Phạm Khắc Hòe,Hà Đông,26.0,23.0,24.0,23.0,20.5,21.2,23.5,25.2,27.0,24.0,22.5,25.0,23.2
Quan Thôn,Hà Đông,25.0,22.0,22.0,22.0,21.5,21.0,22.0,23.8,25.5,22.8,20.5,22.0,19.3
Quang Lãm,Hà Đông,46.0,34.0,34.0,33.0,35.0,35.0,38.5,38.0,37.5,37.2,35.5,33.0,31.2
Quang Trung,Hà Đông,30.0,27.0,26.5,25.0,24.5,24.0,25.0,27.0,29.0,25.2,24.0,22.0,18.7
Quyết Thắng,Hà Đông,30.0,27.0,27.0,25.0,25.0,24.0,25.0,27.2,29.5,25.2,23.5,22.0,19.1
Rạng Đông,Hà Đông,25.0,22.0,22.0,22.0,21.5,21.0,22.0,23.8,25.5,22.8,20.5,22.0,19.3
Thanh Bình,Hà Đông,33.0,28.0,27.0,25.0,22.5,22.0,22.0,23.5,25.0,24.2,22.5,22.0,20.4
Thanh Lãm,Hà Đông,46.0,34.0,34.0,33.0,35.0,35.0,38.5,38.0,37.5,37.8,35.5,33.0,30.7
Thanh Niên,Hà Đông,46.0,39.0,36.0,35.0,36.5,37.0,39.0,38.2,37.5,36.2,35.5,33.0,29.2
Thành Công,Hà Đông,30.0,27.0,27.0,25.0,25.0,24.0,25.0,27.0,29.0,25.2,24.0,22.0,18.8
Thượng Mao,Hà Đông,46.0,34.0,34.0,33.0,35.0,35.0,38.5,38.0,37.5,37.8,35.5,33.0,30.2
Tiến Thành,Hà Đông,25.0,23.0,24.0,23.0,20.5,21.0,23.0,24.8,26.5,24.0,22.5,25.0,21.7
Trinh Lương,Hà Đông,46.0,34.0,34.0,33.0,35.0,35.0,38.5,38.2,38.0,37.8,35.5,33.0,30.1
Trưng Nhị,Hà Đông,25.0,22.0,22.0,22.0,21.5,21.0,22.0,24.2,26.5,22.8,20.5,22.0,18.1
Trưng Trắc,Hà Đông,25.0,22.0,22.0,22.0,21.5,21.0,22.0,24.2,26.5,22.8,20.5,22.0,18.8
Trương Công Định,Hà Đông,25.0,23.0,25.0,23.0,20.5,21.0,23.0,24.8,26.5,24.0,22.5,25.0,23.1
Trần Hưng Đạo,Hà Đông,25.0,22.0,22.0,22.0,21.5,21.0,22.0,24.2,26.5,22.8,20.5,22.0,20.7
Trần Nhật Duật,Hà Đông,30.0,27.0,26.0,25.0,25.0,24.0,25.0,27.0,29.0,25.2,24.0,22.0,18.0
Trần Phú,Hà Đông,41.0,29.0,27.0,25.0,22.5,22.0,21.0,23.0,25.0,23.8,22.0,22.0,19.7
Trần Văn Chuông,Hà Đông,25.0,23.0,25.0,23.0,20.5,21.0,23.0,24.8,26.5,24.0,22.5,25.0,21.8
Trần Đăng Ninh,Hà Đông,25.0,22.0,22.0,22.0,21.5,21.0,22.0,24.2,26.5,22.8,20.5,22.0,19.5
Tà Đáy,Hà Đông,55.0,55.0,55.0,55.0,55.0,55.0,55.0,55.0,55.0,55.0,55.0,55.0,52.3
Tân Triều,Hà Đông,31.0,28.0,26.0,24.0,22.5,23.0,23.0,24.8,26.5,22.5,25.0,23.0,21.2
Tây Sơn,Hà Đông,25.0,23.0,24.0,22.0,20.5,21.0,23.0,24.8,26.5,24.0,22.5,25.0,21.4
Tô Hiến Thành,Hà Đông,35.0,26.0,23.0,19.0,18.5,19.8,22.0,21.2,20.5,21.2,22.0,23.0,20.1
Tô Hiệu,Hà Đông,26.0,22.0,22.0,23.0,21.0,21.0,22.0,24.0,26.0,22.8,20.0,22.0,19.7
Tản Đà,Hà Đông,25.0,22.0,22.0,22.0,21.5,21.0,22.0,24.0,26.0,22.8,20.5,22.0,18.1
Tố Hữu,Hà Đông,34.0,30.0,26.0,24.0,22.0,21.0,22.0,22.8,23.5,24.0,22.5,20.0,17.7
Tống Tất Thắng,Hà Đông,107.0,107.0,107.0,107.0,107.0,107.0,107.0,107.0,107.0,107.0,107.0,107.0,103.2
Vòng xuyến La Khê,Hà Đông,29.0,25.0,21.0,20.3,22.5,22.0,21.0,23.5,26.0,22.8,22.0,23.0,19.0
Văn Khê,Hà Đông,29.0,25.0,20.0,20.3,22.5,22.0,21.0,23.5,26.0,22.8,22.0,23.0,19.7
Văn La,Hà Đông,31.0,28.0,25.0,23.0,20.5,21.2,23.5,24.5,25.5,24.2,23.5,22.0,19.2
Văn Nội,Hà Đông,34.0,30.0,26.0,23.0,22.0,21.0,22.0,22.8,23.5,23.0,22.5,20.0,17.1
Văn Phú,Hà Đông,31.0,28.0,25.0,24.0,20.5,21.2,23.5,24.2,25.0,24.2,23.5,22.0,18.2
Văn Quán,Hà Đông,31.0,28.0,26.0,24.0,22.5,23.0,23.0,24.8,26.5,22.5,25.0,23.0,19.8
Văn Yên,Hà Đông,35.0,26.0,23.0,19.0,19.0,20.3,22.5,21.8,21.0,21.0,21.5,23.0,21.3
Vũ Nam Long,Hà Đông,39.0,33.0,30.0,30.0,30.5,30.0,29.0,29.8,30.5,29.8,28.5,28.0,24.8
Vũ Trọng Khánh,Hà Đông,29.0,24.0,21.0,20.3,22.5,22.0,21.0,23.2,25.5,23.0,21.5,23.0,21.7
Vũ Văn Cẩn,Hà Đông,29.0,24.0,21.0,20.3,22.5,22.0,21.5,23.8,26.0,22.8,22.0,22.0,20.4
Vạn Phúc,Hà Đông,29.0,24.0,23.0,24.0,24.5,24.0,25.0,25.5,26.0,23.5,22.0,23.0,21.5
Xa La,Hà Đông,29.0,25.0,22.0,20.0,19.5,21.6,24.0,23.8,23.5,22.0,20.7,23.0,20.0
Xốm,Hà Đông,78.0,78.0,78.0,78.0,78.0,78.0,78.0,78.0,78.0,78.0,78.0,78.0,75.1
Yên Bình,Hà Đông,35.0,26.0,24.0,19.0,19.0,20.3,22.5,21.8,21.0,21.5,21.5,23.0,20.4
Yên Hòa,Hà Đông,30.0,28.0,25.0,25.0,26.5,28.0,29.0,30.0,31.0,30.2,27.0,26.0,24.1
Yên Lộ,Hà Đông,43.0,38.7,43.0,43.0,39.0,43.0,43.0,43.0,43.0,43.0,38.7,43.0,40.0
Yên Nghĩa,Hà Đông,46.0,39.0,37.0,35.0,37.0,37.0,39.0,38.2,37.5,36.2,35.5,33.0,29.2
Yên Phúc,Hà Đông,31.0,28.0,25.0,24.0,22.5,23.0,23.0,24.8,26.5,22.5,25.0,23.0,21.4
Yết Kiêu,Hà Đông,33.0,28.0,27.0,25.0,22.5,22.0,21.5,23.2,25.0,23.8,22.0,22.0,19.1
trục phía Nam,Hà Đông,26.0,23.0,21.5,23.0,21.0,21.0,22.0,24.0,26.0,22.8,20.0,22.0,18.1
vào Mulberry,Hà Đông,26.0,23.0,22.0,22.0,21.0,21.0,22.0,24.0,26.0,23.0,20.5,22.0,18.2
Đa Sỹ,Hà Đông,32.0,27.0,26.0,26.0,26.5,27.0,26.0,26.8,27.5,26.8,27.5,23.0,19.3
Đinh Tiên Hoàng,Hà Đông,29.0,25.0,22.0,20.0,19.9,22.1,24.5,24.0,23.5,21.8,19.8,22.0,19.2
Đoàn Trần Nghiệp,Hà Đông,28.0,28.0,21.0,16.0,15.5,16.0,17.0,17.8,18.5,17.5,18.5,15.0,12.7
Đê Yên Nghĩa,Hà Đông,26.0,23.0,22.0,22.0,21.0,21.0,22.0,24.0,26.0,22.5,20.5,22.0,19.2
Đình Bắc Lãm,Hà Đông,44.0,42.0,41.0,41.0,41.5,41.0,43.5,43.2,43.0,42.5,41.0,41.0,39.6
Đình Thị,Hà Đông,30.0,27.0,27.0,25.0,25.0,24.0,25.0,27.0,29.0,25.2,23.5,22.0,19.9
Đại An,Hà Đông,31.0,28.0,25.0,24.0,22.5,23.0,23.0,24.8,26.5,22.5,25.0,23.0,21.3
Đền Vẽ,Hà Đông,26.0,23.0,22.0,22.0,21.5,21.0,22.0,24.0,26.0,22.8,20.5,22.0,19.8
Đồng Dâu,Hà Đông,24.0,22.0,18.0,18.0,16.5,16.0,16.5,17.2,18.0,15.5,16.0,16.0,12.4
Đồng Dương,Hà Đông,43.0,38.7,43.0,43.0,43.0,43.0,43.0,43.0,43.0,43.0,38.7,43.0,41.8
Đồng Hoàng Bãi,Hà Đông,25.0,22.0,22.0,22.0,21.5,21.0,22.0,23.8,25.5,22.8,20.5,22.0,18.0
Đồng Tiến,Hà Đông,46.0,39.0,36.0,35.0,36.5,37.0,39.0,38.2,37.5,36.2,35.5,33.0,29.9
Động Lãm,Hà Đông,46.0,34.0,34.0,33.0,35.0,35.0,38.5,38.0,37.5,37.2,35.5,33.0,31.6
Ỷ La,Hà Đông,31.0,28.0,25.0,24.0,20.5,21.6,24.0,24.5,25.0,24.2,23.5,22.0,19.1
Bùi Xuân Phái,Nam Từ Liêm,38.0,27.0,25.0,26.0,26.0,26.0,28.0,28.2,28.5,28.0,27.5,23.0,21.9
Bạch Thành Phong,Nam Từ Liêm,38.0,27.0,25.0,26.0,26.0,26.0,28.0,28.0,28.0,28.0,27.5,23.0,20.9
Bờ Sông,Nam Từ Liêm,30.0,28.0,24.5,25.2,28.0,28.0,29.0,30.0,31.0,29.0,27.5,26.0,23.2
Cao Xuân Huy,Nam Từ Liêm,38.0,27.0,25.0,26.0,26.0,26.0,28.0,28.2,28.5,28.0,27.5,23.0,19.3
Châu Văn Liêm,Nam Từ Liêm,46.0,39.0,38.5,36.0,37.0,37.0,36.0,37.8,39.5,37.2,33.5,35.0,33.1
Chợ Phùng Khoang,Nam Từ Liêm,36.0,30.0,26.5,25.0,24.0,25.0,22.0,22.8,23.5,24.8,27.5,27.0,23.3
Cương Kiên,Nam Từ Liêm,30.0,28.0,25.0,26.0,28.0,28.0,29.0,29.8,30.5,29.5,27.0,27.0,23.5
Di Ái,Nam Từ Liêm,31.0,31.0,31.0,31.0,25.2,27.9,31.0,31.0,31.0,31.0,31.0,24.0,22.5
Do Nha,Nam Từ Liêm,46.0,39.0,38.0,36.5,37.0,37.0,35.0,37.2,39.5,37.2,33.5,35.0,31.2
Duy Tân,Nam Từ Liêm,62.0,62.0,50.9,56.5,62.0,62.0,62.0,62.0,62.0,51.5,55.0,48.0,45.7
Dương Đình Nghệ,Nam Từ Liêm,63.0,63.0,55.5,56.7,63.0,63.0,18.0,22.8,33.2,36.8,13.5,15.0,12.0
Hoài Thanh,Nam Từ Liêm,38.0,27.0,24.5,26.5,26.0,26.0,28.0,28.2,28.5,28.0,27.5,23.0,21.8
Hoàng Lan,Nam Từ Liêm,39.0,33.0,31.0,30.0,30.0,30.0,28.0,29.5,31.0,29.8,29.5,27.0,24.7
Hoàng Trọng Mậu,Nam Từ Liêm,63.0,63.0,56.0,56.7,63.0,63.0,18.0,22.8,33.2,36.8,13.5,15.0,13.1
Huy Du,Nam Từ Liêm,40.0,37.0,35.0,34.5,36.0,36.0,36.0,35.5,35.0,34.0,33.0,32.0,28.4
Hàm Nghi,Nam Từ Liêm,38.0,27.0,25.0,26.5,26.0,26.0,28.0,28.2,28.5,28.0,27.5,23.0,21.4
Hòe Thị,Nam Từ Liêm,31.0,31.0,31.0,31.0,25.2,27.9,31.0,31.0,31.0,31.0,31.0,24.0,22.4
Hồ Mễ Trì,Nam Từ Liêm,46.0,39.0,38.5,36.0,37.0,37.0,36.0,37.8,39.5,37.2,33.5,35.0,31.9
Hồ Tùng Mậu,Nam Từ Liêm,30.0,28.0,25.0,25.2,28.0,28.0,29.0,30.0,31.0,29.0,27.5,26.0,22.2
Hồng Đô,Nam Từ Liêm,42.0,35.0,32.0,30.0,30.0,32.4,36.0,35.2,34.5,33.0,34.5,32.0,29.9
Hữu Hưng,Nam Từ Liêm,30.0,28.0,24.5,25.5,28.0,28.0,29.0,30.0,31.0,29.5,27.5,27.0,24.3
Kiều Mai,Nam Từ Liêm,30.0,28.0,25.0,25.5,28.0,28.0,29.0,29.8,30.5,29.5,27.0,27.0,24.7
Lê Giản,Nam Từ Liêm,26.0,24.0,21.0,20.5,20.0,20.0,22.0,22.0,22.0,20.2,20.5,19.0,16.5
Lê Quang Đạo,Nam Từ Liêm,42.0,34.0,30.0,33.0,31.0,31.0,34.0,33.5,33.0,34.2,31.0,30.0,28.8
Lê Đức Thọ,Nam Từ Liêm,42.0,34.0,30.0,33.0,31.0,31.0,34.0,33.5,33.0,34.2,31.0,30.0,28.7
Lưu Hữu Phước,Nam Từ Liêm,38.0,27.0,24.5,25.5,26.0,26.0,28.0,28.2,28.5,28.0,27.5,23.0,21.3
Lương Thế Vinh,Nam Từ Liêm,63.0,63.0,51.1,56.7,63.0,63.0,19.0,23.8,34.1,37.8,17.1,19.0,16.8
Miêu Nha,Nam Từ Liêm,46.0,39.0,38.5,36.0,37.0,37.0,36.0,37.8,39.5,37.5,33.5,33.0,31.1
Miêu Nha mở rộng,Nam Từ Liêm,26.0,24.0,21.0,21.0,20.5,20.0,22.0,22.0,22.0,20.2,20.5,19.0,17.1
Miếu Đầm,Nam Từ Liêm,46.0,39.0,40.0,36.5,37.0,37.0,36.0,38.0,40.0,37.5,34.0,34.0,31.5
Mạc Thái Tông,Nam Từ Liêm,63.0,63.0,51.1,56.7,63.0,63.0,19.0,23.8,34.1,37.8,17.1,19.0,15.5
Mạc Thái Tổ,Nam Từ Liêm,62.0,62.0,50.9,56.5,62.0,62.0,62.0,62.0,62.0,51.5,55.0,48.0,45.6
Mễ Trì,Nam Từ Liêm,46.0,39.0,38.5,36.0,37.0,37.0,36.0,37.8,39.5,37.2,33.5,35.0,31.1
Mễ Trì Hạ,Nam Từ Liêm,63.0,63.0,56.7,63.0,63.0,63.0,18.0,22.8,33.2,36.8,13.5,15.0,12.8
Mễ Trì Thượng,Nam Từ Liêm,46.0,39.0,38.0,36.5,37.0,37.0,36.0,37.8,39.5,37.2,33.5,35.0,32.2
Mộc Lan,Nam Từ Liêm,31.0,31.0,31.0,31.0,25.2,27.9,31.0,31.0,31.0,31.0,31.0,24.0,20.9
Mỹ Đình,Nam Từ Liêm,63.0,63.0,51.1,56.7,63.0,63.0,19.0,22.8,34.1,37.8,17.1,19.0,17.5
Nguyễn Cơ Thạch,Nam Từ Liêm,38.0,27.0,23.4,26.0,26.0,26.0,28.0,28.2,28.5,28.0,27.0,23.0,20.9
Nguyễn Hoàng,Nam Từ Liêm,30.0,28.0,25.0,25.5,28.0,28.0,29.0,30.0,31.0,29.5,27.0,27.0,24.0
Nguyễn Quốc Trị,Nam Từ Liêm,42.3,47.0,41.5,42.0,37.0,37.0,36.0,41.5,47.0,44.0,47.0,47.0,44.5
Nguyễn Thị Duệ,Nam Từ Liêm,30.0,28.0,25.0,26.0,28.0,28.0,29.0,29.8,30.5,29.5,27.0,27.0,25.4
Nguyễn Trãi,Nam Từ Liêm,20.0,12.6,14.0,14.0,12.0,12.0,12.3,11.2,10.8,12.0,10.0,5.0,1.7
Nguyễn Văn Giáp,Nam Từ Liêm,30.0,28.0,25.0,25.2,28.0,28.0,29.0,30.0,31.0,29.0,27.5,26.0,24.7
Nguyễn Văn Luyện,Nam Từ Liêm,30.0,28.0,25.0,25.5,28.0,28.0,29.0,30.0,31.0,29.5,27.0,27.0,24.3
Nguyễn Xuân Nguyên,Nam Từ Liêm,38.0,27.0,24.5,25.5,26.0,26.0,28.0,28.2,28.5,28.2,27.5,23.0,20.2
Nguyễn Đổng Chi,Nam Từ Liêm,30.0,28.0,25.0,26.0,28.0,28.0,29.0,29.8,30.5,29.5,27.0,27.0,24.8
Ngọc Trục,Nam Từ Liêm,31.0,31.0,31.0,31.0,25.2,27.9,31.0,31.0,31.0,31.0,31.0,24.0,20.2
Nhuệ Giang,Nam Từ Liêm,31.0,31.0,31.0,31.0,25.2,27.9,31.0,31.0,31.0,31.0,31.0,24.0,22.4
Nhổn,Nam Từ Liêm,31.0,31.0,31.0,31.0,25.2,27.9,31.0,31.0,31.0,31.0,31.0,24.0,21.5
Phan Tây Nhạc,Nam Từ Liêm,31.0,31.0,31.0,31.0,25.2,27.9,31.0,31.0,31.0,31.0,31.0,24.0,21.8
Phùng Khoang,Nam Từ Liêm,30.0,28.0,25.0,25.2,28.0,28.0,29.0,30.0,31.0,29.0,27.5,26.0,24.8
Phú Mỹ,Nam Từ Liêm,42.0,34.0,30.0,32.5,31.0,31.0,34.0,33.5,33.0,34.2,31.0,30.0,27.0
Phú Đô,Nam Từ Liêm,46.0,39.0,39.0,36.5,37.0,37.0,36.0,37.8,39.5,37.5,33.5,33.0,29.5
Phúc Diễn,Nam Từ Liêm,38.0,27.0,25.0,26.0,26.0,26.0,28.0,28.2,28.5,28.0,27.0,23.0,20.0
Phương Canh,Nam Từ Liêm,63.0,63.0,51.1,56.7,63.0,63.0,19.0,23.5,34.1,37.8,17.1,19.0,17.9
Phạm Hùng,Nam Từ Liêm,63.0,63.0,55.5,56.7,63.0,63.0,19.0,23.8,34.1,37.8,17.1,19.0,17.7
Quang Tiến,Nam Từ Liêm,63.0,63.0,55.5,56.7,63.0,63.0,19.0,23.5,34.1,37.8,17.1,19.0,17.5
Sa Đôi,Nam Từ Liêm,31.0,31.0,31.0,31.0,25.2,27.9,31.0,31.0,31.0,31.0,31.0,24.0,21.8
Thiên Hiền,Nam Từ Liêm,63.0,63.0,56.7,63.0,63.0,63.0,17.0,22.0,32.6,36.2,13.5,15.0,11.8
Thiên Phúc,Nam Từ Liêm,63.0,63.0,55.5,56.7,63.0,63.0,18.0,23.0,34.1,37.8,17.1,19.0,17.1
Thạch Thảo,Nam Từ Liêm,38.0,27.0,24.5,25.5,26.0,26.1,29.0,28.8,28.5,28.2,27.5,24.0,22.3
Thị Cẩm,Nam Từ Liêm,42.0,34.0,30.0,32.5,31.0,31.0,34.0,33.5,33.0,34.2,31.0,29.0,26.3
Trung Thư,Nam Từ Liêm,31.0,31.0,31.0,31.0,25.2,27.9,31.0,31.0,31.0,31.0,31.0,24.0,21.3
Trung Văn,Nam Từ Liêm,36.0,30.0,26.0,24.0,25.0,25.0,22.0,22.8,23.5,25.0,26.5,27.0,23.3
Trường đua đường phố Hà Nội,Nam Từ Liêm,36.0,28.0,25.0,23.0,22.5,23.0,24.0,24.0,24.0,22.8,22.0,23.0,19.7
Trần Bình,Nam Từ Liêm,63.0,63.0,55.5,56.7,63.0,63.0,18.0,23.0,34.1,37.8,17.1,19.0,17.6
Trần Duy Hưng,Nam Từ Liêm,62.0,62.0,55.8,62.0,62.0,62.0,62.0,62.0,62.0,50.0,55.5,48.0,44.3
Trần Hữu Dực,Nam Từ Liêm,30.0,28.0,25.0,26.0,28.0,28.0,29.0,30.0,31.0,29.5,27.0,27.0,24.7
Trần Văn Cẩn,Nam Từ Liêm,38.0,27.0,24.5,24.0,26.5,26.1,29.0,28.8,28.5,28.2,27.5,24.0,21.8
Trần Văn Lai,Nam Từ Liêm,63.0,63.0,56.7,63.0,63.0,63.0,17.0,22.0,32.6,36.2,13.5,15.0,11.5
Trịnh Văn Bô,Nam Từ Liêm,30.0,28.0,25.0,26.0,28.0,28.0,29.0,30.0,31.0,29.5,27.0,27.0,24.8
Tu Hoàng,Nam Từ Liêm,30.0,28.0,25.0,26.0,27.0,28.0,29.0,29.8,30.5,29.0,27.0,27.0,25.7
Tân Mỹ,Nam Từ Liêm,31.0,31.0,31.0,31.0,25.2,27.9,31.0,31.0,31.0,31.0,31.0,24.0,20.9
Tây Mỗ,Nam Từ Liêm,43.0,36.0,34.7,38.5,34.9,38.7,43.0,43.0,43.0,36.0,29.7,33.0,31.6
Tôn Thất Thuyết,Nam Từ Liêm,63.0,63.0,56.7,63.0,63.0,63.0,18.0,22.8,33.2,36.8,13.5,15.0,14.0
Tố Hữu,Nam Từ Liêm,30.0,28.0,24.5,25.2,28.0,28.0,29.0,30.0,31.0,29.0,27.5,26.0,22.5
Văn Lang,Nam Từ Liêm,20.0,17.0,14.5,15.0,13.5,13.0,12.0,13.2,14.5,15.2,15.0,11.0,9.8
Vũ Hữu,Nam Từ Liêm,30.0,28.0,25.0,26.0,27.0,28.0,29.0,29.8,30.5,29.0,27.0,27.0,24.5
Vũ Quỳnh,Nam Từ Liêm,42.0,34.0,30.5,33.0,31.0,31.0,34.0,33.5,33.0,34.2,31.0,30.0,27.4
Vũ Trọng Khánh,Nam Từ Liêm,28.0,26.0,21.0,20.5,22.0,22.0,21.0,23.0,25.0,22.8,22.0,22.0,19.3
Vườn Cam,Nam Từ Liêm,42.0,34.0,30.5,31.0,32.5,31.0,34.0,33.5,33.0,34.2,31.0,29.0,25.9
Vườn Hoa Đại Lộ Thăng Long,Nam Từ Liêm,46.0,39.0,38.5,36.0,37.0,37.0,36.0,38.0,40.0,37.5,33.5,33.0,29.8
Vạn Phúc,Nam Từ Liêm,46.0,39.0,38.5,36.0,37.0,37.0,36.0,37.8,39.5,37.8,33.5,33.0,30.5
Vạn Xuân,Nam Từ Liêm,38.0,27.0,25.5,24.0,26.5,26.1,29.0,28.8,28.5,28.2,27.5,24.0,21.3
Xuân Phương,Nam Từ Liêm,33.0,31.0,27.0,25.5,25.0,25.0,26.0,25.8,25.5,24.2,22.0,23.0,20.5
chợ Ngọc Trục,Nam Từ Liêm,36.0,30.0,26.5,25.0,24.0,25.0,22.0,22.8,23.5,24.8,27.5,27.0,24.9
vào tổ dân phố Tháp,Nam Từ Liêm,63.0,63.0,56.7,63.0,63.0,63.0,17.0,21.8,32.6,36.2,13.5,15.0,11.5
Âu Lạc,Nam Từ Liêm,31.0,31.0,31.0,31.0,25.2,27.9,31.0,31.0,31.0,31.0,31.0,24.0,21.4
Đình Thôn,Nam Từ Liêm,63.0,63.0,55.5,56.7,63.0,63.0,18.0,22.8,33.2,36.8,17.1,19.0,15.6
Đại Linh,Nam Từ Liêm,31.0,27.0,22.5,17.0,12.0,12.0,9.6,8.8,8.0,8.1,9.0,10.0,6.3
Đại Mỗ,Nam Từ Liêm,63.0,63.0,55.5,56.7,63.0,63.0,18.0,23.2,34.1,37.8,17.1,19.0,15.4
Đại Việt,Nam Từ Liêm,31.0,27.0,22.5,17.0,12.0,12.0,9.6,8.8,8.0,8.1,9.0,10.0,8.5
Đại lộ Thăng Long,Nam Từ Liêm,46.0,39.0,40.0,36.5,37.0,37.0,36.0,38.0,40.0,37.5,33.5,33.0,31.2
Đại lộ Thăng Long (Láng - Hoà Lạc),Nam Từ Liêm,48.6,54.0,54.0,42.5,43.8,48.6,54.0,54.0,54.0,51.0,40.0,42.0,40.2
Đồng Bát,Nam Từ Liêm,30.0,28.0,24.5,25.5,28.0,28.0,29.0,30.0,31.0,29.5,27.5,27.0,24.0
Đồng Bát A,Nam Từ Liêm,62.0,62.0,50.3,55.8,62.0,62.0,62.0,62.0,62.0,50.0,55.5,48.0,46.8
Đồng Me,Nam Từ Liêm,42.0,34.0,30.0,33.0,31.0,31.0,34.0,34.0,34.0,34.0,31.0,30.0,27.9
Đồng Me (kéo dài),Nam Từ Liêm,46.0,38.0,38.0,39.0,35.5,37.0,35.0,37.2,39.5,37.2,33.5,35.0,31.8
Đồng Sợi,Nam Từ Liêm,30.0,28.0,24.5,25.5,28.0,28.0,29.0,30.0,31.0,29.5,27.5,27.0,23.0
Đỗ Xuân Hợp,Nam Từ Liêm,42.0,35.0,32.5,29.0,30.0,32.4,36.0,35.0,34.0,34.5,34.0,31.0,27.3
Đỗ Đình Thiện,Nam Từ Liêm,42.0,34.0,30.5,33.0,31.0,31.0,34.0,33.5,33.0,34.2,31.0,30.0,27.7
Đỗ Đức Dục,Nam Từ Liêm,46.0,39.0,38.0,36.5,37.0,37.0,36.0,37.8,39.5,37.8,33.5,35.0,33.4
Bùi Xương Trạch,Thanh Xuân,30.0,24.0,23.5,20.0,19.0,20.7,23.0,21.5,20.0,20.8,22.0,21.0,19.6
Bắc Hồng,Thanh Xuân,74.0,74.0,74.0,74.0,74.0,74.0,74.0,74.0,74.0,74.0,74.0,74.0,72.0
Bắc Hồng Ngang,Thanh Xuân,32.0,25.0,19.0,17.0,14.1,15.6,17.3,15.8,16.1,17.8,18.0,15.0,12.6
Chính Kinh,Thanh Xuân,19.0,18.9,21.0,18.0,17.0,15.5,14.0,17.0,20.0,15.5,16.0,15.0,12.7
Cù Chính Lan,Thanh Xuân,19.0,18.9,21.0,18.0,17.0,15.5,14.0,17.0,20.0,15.5,16.0,15.0,12.8
Cự Lộc,Thanh Xuân,19.0,18.9,21.0,18.0,17.0,15.5,14.0,17.0,20.0,15.5,16.0,15.0,13.7
Giáp Nhất,Thanh Xuân,27.0,27.0,22.0,18.0,19.0,18.5,18.0,17.8,17.5,17.5,17.5,16.0,12.3
Giải Phóng,Thanh Xuân,27.0,27.0,22.0,18.0,19.0,18.5,18.0,17.8,17.5,17.5,17.5,16.0,12.2
Hoàng Minh Giám,Thanh Xuân,29.0,24.0,18.0,17.5,17.0,16.0,14.0,14.5,16.1,17.8,16.0,13.0,10.1
Hoàng Ngân,Thanh Xuân,32.0,25.0,18.5,17.5,14.1,15.6,17.3,15.8,15.5,17.2,18.0,15.0,11.7
Hoàng Văn Thái,Thanh Xuân,35.0,24.0,21.5,18.0,19.0,18.5,18.0,20.5,23.0,18.0,20.0,18.0,15.9
Hoàng Đạo Thành,Thanh Xuân,32.0,25.0,18.5,17.5,14.1,15.6,17.3,15.8,16.2,18.0,18.0,15.0,13.7
Hoàng Đạo Thúy,Thanh Xuân,32.0,25.0,19.0,17.0,14.1,15.6,17.3,15.8,16.1,17.8,18.0,15.0,13.5
Hà Kế Tấn,Thanh Xuân,30.0,24.0,23.5,20.0,19.0,20.7,23.0,21.5,20.0,20.8,22.0,21.0,17.8
Hạ Đình,Thanh Xuân,35.0,24.0,21.5,18.0,19.0,18.5,18.0,20.5,23.0,18.0,20.0,18.0,14.8
Hầm đường bộ Ngã Tư Sở,Thanh Xuân,20.7,23.0,17.5,15.5,16.0,16.0,15.0,16.0,17.0,17.8,17.5,14.0,11.6
Hồ Mễ Trì,Thanh Xuân,40.0,32.0,26.5,23.5,21.0,21.5,22.0,23.2,24.5,23.2,21.5,21.0,17.1
Hồ Phương Liệt,Thanh Xuân,32.0,30.0,25.0,24.5,23.0,23.0,23.0,24.8,26.5,23.0,25.5,22.0,18.5
Khương Hạ,Thanh Xuân,35.0,24.0,21.5,18.0,19.0,18.5,18.0,20.0,22.0,17.6,19.5,18.0,16.3
Khương Trung,Thanh Xuân,35.0,23.0,22.0,17.1,19.0,18.5,18.0,20.5,23.0,18.0,20.0,18.0,15.5
Khương Đình,Thanh Xuân,35.0,23.0,22.0,17.1,19.0,18.5,18.0,20.5,23.0,18.0,20.0,18.0,15.5
Kim Giang,Thanh Xuân,29.0,26.0,23.0,21.5,22.0,20.5,19.0,21.2,23.5,21.0,20.5,20.0,16.4
Lê Trọng Tấn,Thanh Xuân,31.0,28.0,24.0,22.0,20.0,22.0,24.0,24.8,25.5,24.8,24.0,22.0,19.4
Lê Văn Lương,Thanh Xuân,32.0,25.0,19.0,17.5,14.1,15.6,17.3,15.8,16.1,17.8,18.0,15.0,13.4
Lê Văn Thiêm,Thanh Xuân,32.0,25.0,18.5,17.5,14.1,15.6,17.3,15.8,16.2,18.0,18.0,15.0,12.1
Lạc Hồng,Thanh Xuân,39.0,39.0,32.5,32.5,34.0,33.5,33.0,33.0,33.0,33.5,30.0,31.0,27.3
Lạc Hồng B,Thanh Xuân,78.0,78.0,78.0,78.0,78.0,78.0,78.0,78.0,78.0,78.0,78.0,78.0,76.7
Nam Hồng,Thanh Xuân,35.0,23.0,22.0,17.1,19.0,18.5,18.0,20.5,23.0,18.0,20.0,18.0,15.9
Nam Phú,Thanh Xuân,41.0,29.0,26.5,23.5,22.0,21.5,21.0,22.2,23.5,23.0,22.5,21.0,17.5
Nguyễn An Ninh,Thanh Xuân,26.0,27.0,22.0,18.5,19.0,18.5,18.0,18.0,18.0,17.2,18.0,16.0,12.7
Nguyễn Huy Tưởng,Thanh Xuân,19.0,18.9,21.0,18.0,17.0,16.5,16.0,18.0,20.0,15.8,15.5,15.0,11.7
Nguyễn Lân,Thanh Xuân,26.0,27.0,22.0,18.5,19.0,18.5,18.0,18.0,18.0,17.2,18.0,16.0,14.5
Nguyễn Ngọc Nại,Thanh Xuân,26.0,27.0,22.5,18.0,19.0,18.5,18.0,17.8,17.5,17.5,18.0,16.0,13.7
Nguyễn Ngọc Vũ,Thanh Xuân,26.0,27.0,22.0,18.5,19.0,20.0,19.0,19.0,19.0,18.5,18.0,17.0,15.2
Nguyễn Quý Đức,Thanh Xuân,35.0,24.0,21.0,18.0,19.0,18.5,18.0,20.5,23.0,18.0,20.0,18.0,15.5
Nguyễn Thị Thập,Thanh Xuân,29.0,24.0,17.0,18.0,17.0,15.0,13.0,13.8,15.8,17.5,15.5,12.0,9.7
Nguyễn Thị Định,Thanh Xuân,26.0,27.0,21.0,18.5,19.0,18.5,18.0,18.0,18.0,17.2,18.0,16.0,12.6
Nguyễn Trãi,Thanh Xuân,33.0,29.0,25.0,23.5,22.0,21.5,21.0,22.8,24.5,22.8,22.5,21.0,19.9
Nguyễn Tuân,Thanh Xuân,32.0,30.0,25.5,24.0,23.0,23.0,23.0,25.0,27.0,23.4,26.0,22.0,18.1
Nguyễn Viết Xuân,Thanh Xuân,26.0,27.0,22.0,18.0,19.0,18.5,18.0,17.8,17.5,17.5,18.0,16.0,12.5
Nguyễn Văn Trỗi,Thanh Xuân,32.0,30.0,23.0,24.0,23.0,23.0,23.0,24.8,26.5,22.5,25.0,22.0,18.5
Nguyễn Xiển,Thanh Xuân,31.0,24.0,23.0,19.5,19.0,21.0,23.0,21.5,20.0,20.5,21.0,21.0,18.9
Nguyễn Xuân Linh,Thanh Xuân,26.0,27.0,22.0,18.0,19.0,18.5,18.0,17.8,17.5,17.5,17.5,16.0,13.3
Ngụy Như Kon Tum,Thanh Xuân,32.0,25.0,18.5,17.5,14.1,15.6,17.3,15.8,16.4,18.2,18.0,15.0,13.4
Nhân Hòa,Thanh Xuân,29.0,24.0,18.0,18.5,17.0,15.5,14.0,14.5,16.1,17.8,16.0,13.0,9.9
Phan Đình Giót,Thanh Xuân,32.0,27.0,26.0,25.0,27.0,27.5,28.0,28.0,28.0,27.5,26.5,24.0,20.4
Phương Liệt,Thanh Xuân,31.0,30.0,23.0,24.0,23.0,23.0,23.0,24.8,26.5,23.4,26.0,22.0,20.6
Phương Nam,Thanh Xuân,32.0,30.0,25.0,24.0,23.0,21.0,23.0,25.0,27.0,23.9,26.5,21.0,19.8
Quan Nhân,Thanh Xuân,19.0,18.9,21.0,18.0,17.0,16.5,16.0,18.0,20.0,15.5,15.5,15.0,11.3
Thượng Đình,Thanh Xuân,19.0,18.9,21.0,18.5,17.0,16.5,16.0,18.0,20.0,16.5,15.5,14.0,12.2
Triều Khúc,Thanh Xuân,32.0,30.0,25.5,24.0,23.0,23.0,23.0,25.0,27.0,23.4,26.0,22.0,20.9
Trường Chinh,Thanh Xuân,19.0,17.0,16.2,18.0,17.0,15.5,14.0,17.0,20.0,16.0,15.5,15.0,13.7
Trần Điền,Thanh Xuân,33.0,29.0,26.0,24.0,22.0,21.5,21.0,22.2,23.5,23.5,23.0,21.0,18.7
Trịnh Đình Cửu,Thanh Xuân,46.0,38.0,35.5,34.5,36.0,38.0,39.0,37.5,36.0,37.0,35.0,34.0,31.4
Tân Hồng,Thanh Xuân,30.0,24.0,23.5,20.0,19.0,20.7,23.0,21.5,20.0,20.5,22.0,22.0,18.8
Tô Vĩnh Diện,Thanh Xuân,30.0,24.0,21.0,21.0,21.0,21.5,22.0,21.2,20.5,21.5,20.5,19.0,17.4
Tôn Thất Tùng,Thanh Xuân,30.0,25.0,18.5,16.5,18.0,17.1,19.0,18.0,17.0,18.5,17.0,17.0,13.6
Tôn Thất Tùng mở rộng,Thanh Xuân,47.0,34.0,33.5,34.5,36.0,38.7,42.9,39.0,35.5,35.2,34.5,33.0,29.9
Tương Mai,Thanh Xuân,20.0,22.0,23.0,18.0,20.0,17.0,17.0,17.5,18.0,15.2,16.0,12.0,9.5
Tưởng Dân Bảo,Thanh Xuân,39.0,38.0,32.0,32.5,34.0,33.5,33.0,33.0,33.0,33.0,30.0,31.0,28.5
Tố Hữu,Thanh Xuân,28.0,25.0,20.0,20.5,22.0,21.5,21.0,23.0,25.0,22.8,21.0,22.0,19.5
Văn Hóa,Thanh Xuân,32.0,25.0,19.0,17.5,14.1,15.6,17.3,15.8,15.5,17.2,18.5,15.0,13.1
Vũ Hữu,Thanh Xuân,35.0,23.0,21.0,17.1,19.0,18.5,18.0,20.5,23.0,18.0,20.0,18.0,15.5
Vũ Trọng Phụng,Thanh Xuân,32.0,25.0,18.5,17.5,14.1,15.6,17.3,15.8,16.2,18.0,18.0,15.0,12.4
Vũ Tông Phan,Thanh Xuân,32.0,25.0,19.0,17.5,14.1,15.6,17.3,15.8,15.5,17.2,18.5,15.0,13.0
Vương Thừa Vũ,Thanh Xuân,32.0,25.0,19.0,17.0,14.1,15.6,17.3,15.8,16.1,17.8,18.0,15.0,12.2
Vọng,Thanh Xuân,31.0,24.0,23.5,19.5,19.0,21.0,23.0,21.5,20.0,20.8,21.5,21.0,18.0
chung cư,Thanh Xuân,19.0,18.9,21.0,18.0,17.0,15.5,14.0,17.0,20.0,15.5,16.0,15.0,12.0
Đại La,Thanh Xuân,32.0,27.0,18.0,16.0,12.0,11.5,9.6,8.8,8.0,8.1,9.0,10.0,8.0
Định Công,Thanh Xuân,29.0,26.0,23.0,21.5,22.0,21.0,20.0,21.8,23.5,20.5,21.5,20.0,16.3
An Trạch,Đống Đa,41.0,36.0,35.0,34.0,36.0,35.0,36.0,36.0,36.0,34.8,33.5,32.0,30.5
Bích Câu,Đống Đa,25.0,18.0,16.5,13.0,14.0,15.0,15.7,14.3,13.0,14.0,13.5,15.0,12.1
Bệnh viện Thận Hà Nội,Đống Đa,36.0,29.0,26.0,23.0,23.0,24.0,24.0,24.0,24.0,25.0,22.5,25.0,23.7
Chu Văn An,Đống Đa,28.0,23.0,23.5,21.0,21.0,22.0,23.0,25.2,27.5,24.8,22.5,25.0,21.5
Chùa Bộc,Đống Đa,21.0,23.0,17.5,16.0,16.0,16.0,16.0,16.5,17.0,17.8,17.0,13.0,9.7
Chùa Láng,Đống Đa,32.0,24.0,19.0,17.0,14.4,16.0,17.6,16.0,14.6,16.2,18.0,15.0,12.3
Cát Linh,Đống Đa,20.7,23.0,17.5,15.5,16.2,18.0,16.0,16.5,17.0,17.8,17.0,13.0,9.7
Cửa Nam,Đống Đa,26.0,19.0,15.5,15.0,13.0,14.4,16.0,15.8,15.5,15.2,13.5,14.0,10.7
Giang Văn Minh,Đống Đa,25.0,24.0,21.0,21.0,20.0,20.0,20.0,21.2,22.5,20.5,20.5,20.0,18.7
Giải Phóng,Đống Đa,25.0,18.0,16.5,13.0,14.4,16.0,15.7,14.3,13.0,14.0,13.5,15.0,12.1
Giảng Võ,Đống Đa,20.7,23.0,17.5,16.0,16.0,17.0,16.0,16.5,17.0,17.8,17.0,13.0,11.7
Hoàng Ngọc Phách,Đống Đa,20.7,23.0,17.5,15.5,16.2,18.0,16.0,16.5,17.0,17.8,17.0,13.0,9.6
Hoàng Tích Trí,Đống Đa,46.0,39.0,37.5,35.0,37.0,37.0,36.0,36.8,37.5,37.5,35.0,34.0,32.2
Huỳnh Thúc Kháng,Đống Đa,26.0,24.0,22.0,21.5,21.0,22.0,22.0,24.0,26.0,23.8,20.7,23.0,20.7
Hàng Cháo,Đống Đa,20.7,23.0,17.5,16.0,16.2,18.0,16.0,16.5,17.0,17.8,17.0,13.0,11.6
Hào Nam,Đống Đa,20.7,23.0,17.5,15.5,16.2,18.0,16.0,16.5,17.0,17.8,17.0,13.0,11.1
Hầm đường bộ Ngã Tư Sở,Đống Đa,20.7,23.0,17.5,15.5,16.2,18.0,16.0,16.5,17.0,17.8,17.0,13.0,11.9
Hồ Giám,Đống Đa,19.0,15.0,15.0,13.5,15.0,13.0,14.0,14.2,14.5,14.8,13.5,13.0,10.6
Hồ Linh Quang,Đống Đa,20.7,23.0,17.5,16.0,16.2,18.0,16.0,16.5,17.0,17.8,17.0,13.0,12.0
Hồ Văn Chương,Đống Đa,19.0,15.0,15.0,13.5,15.0,13.0,14.0,14.2,14.5,14.8,13.5,13.0,11.6
Hồ Đắc Di,Đống Đa,20.7,23.0,17.5,15.5,16.2,18.0,16.0,16.5,17.0,17.8,17.0,13.0,10.3
Khách Sạn Kim Liên,Đống Đa,36.0,29.0,26.0,23.0,23.0,24.0,24.0,24.2,24.5,25.0,22.5,25.0,23.0
Khâm Thiên,Đống Đa,25.0,24.0,21.0,21.0,20.0,20.0,21.0,21.8,22.5,20.5,20.5,20.0,16.6
Khương Thượng,Đống Đa,36.0,30.0,26.5,23.0,23.0,24.0,24.0,24.0,24.0,25.0,22.5,25.0,21.4
Kim Hoa,Đống Đa,36.0,30.0,26.5,23.0,23.0,24.0,24.0,24.0,24.0,25.0,22.5,25.0,21.4
Ký túc xá Đại học Y Hà Nội,Đống Đa,41.0,34.0,32.0,32.0,31.0,33.0,32.0,36.5,41.0,36.8,32.0,31.0,28.5
La Thành,Đống Đa,22.0,16.0,16.0,13.5,13.0,12.6,14.0,14.5,15.0,12.6,14.0,11.0,9.3
Láng,Đống Đa,32.0,24.0,19.0,17.5,14.4,16.0,17.6,16.0,14.6,16.2,17.5,15.0,11.2
Láng Hạ,Đống Đa,32.0,24.0,19.5,17.5,14.4,16.0,17.6,16.0,14.6,16.2,17.5,15.0,12.6
Lê Duẩn,Đống Đa,32.0,24.0,19.5,17.5,14.4,16.0,17.6,16.0,14.6,16.2,17.5,15.0,11.6
Lê Văn Lương,Đống Đa,32.0,24.0,19.5,17.5,14.4,16.0,17.6,16.0,14.6,16.2,17.5,15.0,12.1
Lý Văn Phức,Đống Đa,35.0,35.0,25.0,22.5,19.8,22.0,23.0,23.8,24.5,20.5,17.0,18.0,16.6
Lương Định Của,Đống Đa,29.0,27.0,25.0,22.5,20.0,22.0,21.0,21.2,21.5,23.2,23.5,21.0,17.8
Mai Anh Tuấn,Đống Đa,31.0,22.0,20.5,19.0,18.0,17.1,19.0,19.0,19.1,21.2,19.5,16.0,14.6
Nam Đồng,Đống Đa,20.7,23.0,17.5,15.5,16.2,18.0,16.0,16.5,17.0,17.8,17.0,13.0,9.4
Nguyên Hồng,Đống Đa,19.0,15.0,15.0,13.5,15.0,13.5,15.0,15.2,15.5,16.5,14.0,13.0,9.7
Nguyễn Chí Thanh,Đống Đa,34.0,22.0,20.5,19.5,21.0,20.0,20.0,20.8,21.5,20.2,21.0,18.0,16.4
Nguyễn Hy Quang,Đống Đa,19.0,15.0,15.5,13.5,15.0,13.0,14.0,14.2,14.5,15.0,13.5,13.0,9.3
Nguyễn Lương Bằng,Đống Đa,20.7,23.0,17.5,16.0,16.2,18.0,16.0,16.5,17.0,17.8,17.0,13.0,9.8
Nguyễn Ngọc Doãn,Đống Đa,32.0,24.0,19.0,18.0,14.4,16.0,17.6,16.0,14.6,16.2,18.0,15.0,12.2
Nguyễn Như Đổ,Đống Đa,25.0,24.0,21.0,21.0,20.0,20.0,20.0,21.2,22.5,20.5,20.5,20.0,16.4
Nguyễn Phúc Lai,Đống Đa,31.0,21.0,21.0,19.0,18.0,17.1,19.0,18.8,18.9,21.0,19.0,16.0,15.0
Nguyễn Thái Học,Đống Đa,30.0,28.0,26.0,25.0,24.0,25.0,25.0,26.8,28.5,25.5,23.5,21.0,18.9
Nguyễn Trãi,Đống Đa,19.0,17.0,18.0,18.0,17.0,18.0,16.0,18.2,20.5,16.8,16.0,14.0,12.6
Nguyễn Văn Tuyết,Đống Đa,20.7,23.0,17.5,15.5,16.2,18.0,16.0,16.5,17.0,17.8,17.0,13.0,10.0
Ngô Sĩ Liên,Đống Đa,19.0,15.0,15.0,13.5,15.0,13.5,15.0,15.2,15.5,16.5,14.0,13.0,11.2
Ngô Tất Tố,Đống Đa,19.0,15.0,15.5,13.5,15.0,13.0,14.0,14.2,14.5,15.0,13.5,13.0,9.0
Phan Phu Tiên,Đống Đa,36.0,28.0,29.5,29.2,32.4,36.0,32.7,29.8,28.4,31.5,31.0,28.0,24.8
Phan Văn Trị,Đống Đa,20.7,23.0,17.5,15.5,16.2,18.0,16.0,16.5,17.0,17.8,16.5,13.0,10.7
Pháo Đài Láng,Đống Đa,29.0,24.0,17.5,18.0,17.0,14.0,14.0,14.5,15.5,17.2,15.5,13.0,9.7
Phương Mai,Đống Đa,46.0,46.0,36.0,35.5,37.0,38.0,39.0,38.5,38.0,36.8,36.0,33.0,29.1
Phạm Ngọc Thạch,Đống Đa,22.0,16.0,16.0,14.0,13.0,12.6,14.0,14.0,14.0,12.6,14.0,11.0,7.3
Quan Nhân,Đống Đa,26.0,27.0,22.0,18.5,19.0,20.0,19.0,19.0,19.0,18.5,18.0,17.0,15.7
Quốc Tử Giám,Đống Đa,19.0,15.0,15.0,13.5,15.0,13.5,15.0,15.2,15.5,16.5,14.0,13.0,11.3
Tam Khương,Đống Đa,40.0,43.0,42.0,41.5,36.0,39.0,43.0,42.8,42.5,40.5,41.5,42.0,39.9
Thái Hà,Đống Đa,22.0,16.0,16.0,14.0,13.0,12.6,14.0,14.0,14.0,12.6,14.0,11.0,8.6
Thái Thịnh,Đống Đa,20.7,23.0,17.5,15.5,16.2,18.0,16.0,16.5,17.0,17.8,17.0,13.0,11.7
Trung Liệt,Đống Đa,21.0,17.0,16.0,15.0,12.0,11.0,10.0,11.5,13.0,13.5,13.0,12.0,9.0
Trung Phụng,Đống Đa,21.0,17.0,16.0,15.0,12.0,10.0,10.0,11.8,13.5,13.8,13.0,12.0,9.5
Trúc Khê,Đống Đa,20.7,23.0,17.5,15.5,16.2,18.0,16.0,16.5,17.0,17.8,17.0,13.0,9.4
Trường Chinh,Đống Đa,22.0,16.0,16.0,14.0,13.0,12.6,14.0,14.2,14.5,12.6,14.0,11.0,8.9
Trần Huy Liệu,Đống Đa,21.0,17.0,15.5,15.0,12.0,10.0,10.0,11.8,13.5,13.8,13.0,12.0,10.7
Trần Hữu Tước,Đống Đa,19.0,15.0,15.0,13.5,15.0,13.5,15.0,15.0,15.0,15.0,14.0,13.0,10.0
Trần Quang Diệu,Đống Đa,21.0,17.0,16.0,15.0,12.0,11.0,10.0,11.5,13.0,13.5,13.0,12.0,9.9
Trần Quý Cáp,Đống Đa,25.0,24.0,21.0,20.5,20.0,20.0,21.0,21.8,22.5,20.5,20.0,20.0,18.0
Trịnh Hoài Đức,Đống Đa,87.0,87.0,87.0,87.0,87.0,87.0,87.0,87.0,87.0,87.0,87.0,87.0,84.3
Tây Sơn,Đống Đa,20.7,23.0,17.5,15.5,16.2,18.0,16.0,16.5,17.0,17.8,17.0,13.0,10.3
Tôn Thất Tùng,Đống Đa,21.0,17.0,16.0,15.0,12.0,11.0,10.0,11.5,13.0,13.5,13.0,10.0,8.7
Tôn Đức Thắng,Đống Đa,20.7,23.0,17.5,15.5,16.2,18.0,16.0,16.5,17.0,17.8,17.0,13.0,9.2
Võ Văn Dũng,Đống Đa,20.7,23.0,17.5,15.5,16.2,18.0,16.0,16.5,17.0,17.8,17.0,13.0,9.7
Văn Miếu,Đống Đa,20.0,15.0,15.0,13.5,15.0,13.0,14.0,14.2,14.5,14.8,13.5,12.0,9.1
Vĩnh Hồ,Đống Đa,20.7,23.0,17.5,15.5,16.2,18.0,16.0,16.5,17.0,17.8,17.0,13.0,11.5
Vũ Ngọc Phan,Đống Đa,32.0,24.0,19.0,17.5,15.3,17.0,17.6,16.0,14.6,16.2,17.5,15.0,12.7
Vũ Phạm Hàm nối dài,Đống Đa,30.0,25.0,21.0,21.5,21.6,24.0,22.0,21.0,20.0,21.5,20.0,20.0,19.0
Vũ Thạnh,Đống Đa,32.0,24.0,19.0,17.5,15.3,17.0,17.6,16.0,14.6,16.2,17.5,15.0,11.4
Vọng,Đống Đa,36.0,30.0,26.5,23.0,23.0,24.0,24.0,24.0,24.0,24.8,21.0,23.0,20.8
Xã Đàn,Đống Đa,36.0,30.0,26.5,23.0,23.0,24.0,24.0,23.8,23.5,25.0,22.5,25.0,23.8
Y Miếu,Đống Đa,19.0,15.0,15.0,13.5,15.0,13.5,15.0,15.2,15.5,16.5,14.0,13.0,10.5
Yên Lãng,Đống Đa,29.0,27.0,25.0,22.5,20.0,22.0,21.0,21.5,22.0,23.5,24.0,21.0,18.1
Yên Thế,Đống Đa,29.0,27.0,25.0,22.5,20.0,22.0,21.0,21.5,22.0,23.2,23.5,21.0,19.5
cổng phụ Học viện Ngoại giao,Đống Đa,41.0,34.0,32.0,32.0,31.0,33.0,32.0,36.5,41.0,36.8,32.0,31.0,29.3
xe đạp sông Tô Lịch,Đống Đa,20.7,23.0,17.5,15.5,16.2,18.0,16.0,16.5,17.0,17.8,17.0,13.0,10.4
Ô Chợ Dừa,Đống Đa,20.7,23.0,17.5,16.0,16.2,18.0,16.0,16.5,17.0,17.8,17.0,13.0,10.3
Ô Đồng Lầm,Đống Đa,20.7,23.0,17.5,15.5,16.2,18.0,16.0,16.5,17.0,17.8,17.0,13.0,10.4
Đoàn Thị Điểm,Đống Đa,20.7,23.0,17.5,16.0,16.2,18.0,16.0,16.5,17.0,17.8,17.0,13.0,11.1
Đào Duy Anh,Đống Đa,26.0,22.0,19.0,19.8,22.0,18.9,21.0,20.0,19.0,19.8,17.5,16.0,13.2
Đê La Thành,Đống Đa,36.0,30.0,26.5,23.0,23.0,24.0,24.0,24.0,24.0,24.8,21.0,23.0,20.8
Đông Các,Đống Đa,20.7,23.0,17.5,16.0,16.2,18.0,16.0,16.5,17.0,17.8,17.0,13.0,10.3
Đông Tác,Đống Đa,20.7,23.0,17.5,15.5,16.2,18.0,16.0,16.5,17.0,17.8,17.0,13.0,9.5
Đại La,Đống Đa,46.0,40.0,37.5,37.0,37.0,38.0,38.0,37.8,37.5,37.2,35.0,34.0,30.1
Đặng Tiến Đông,Đống Đa,21.0,17.0,16.0,15.0,12.0,11.0,10.0,11.5,13.0,13.5,13.0,12.0,11.0
Đặng Trần Côn,Đống Đa,20.7,23.0,17.5,16.0,16.2,18.0,16.0,16.5,17.0,17.8,17.0,13.0,9.0
Đặng Văn Ngữ,Đống Đa,36.0,29.0,26.0,23.0,23.0,24.0,24.0,23.8,23.5,25.0,22.5,25.0,23.5
đi bộ Thái Hà,Đống Đa,22.0,18.0,16.0,14.0,13.0,12.6,14.0,14.2,14.5,12.6,14.0,11.0,8.9
đi bộ sông Tô Lịch,Đống Đa,20.7,23.0,17.5,15.5,16.2,18.0,16.0,16.5,17.0,17.8,17.0,13.0,11.4
